Workbook

Sheet README
A1: Supplier Risk & Tariff-Impact Scorecard
A2: Datacenter hardware procurement scenario: GPU servers, network switches, PDU/MEP equipment
A4: How this workbook is organized
A5: Scorecard | B5: The primary deliverable: on-time rate, lead-time variability, landed cost, tariff exposure, defect rate, and a weighted composite risk score with RAG status, per supplier.
A6: Tariff_Scenario_Toggle | B6: Pick a tariff scenario from the dropdown and see landed spend recalculate per supplier in real time.
A7: Data_Quality_Log | B7: Live formulas auditing the raw export for duplicates and missing values prior to KPI calculation.
A8: Raw_Suppliers | B8: Supplier master data (3 suppliers across US, Mexico, and China).
A9: Raw_POs | B9: 344 purchase-order and shipment records simulating a Coupa export with intentional messiness for audit verification.
A10: Raw_Tariff_Ref | B10: Current (July 2026) effective tariff rates by supplier country and HS code.
A11: Raw_Tariff_Scenarios | B11: What-if scenarios feeding the dynamic dropdown on Tariff_Scenario_Toggle.
A12: Raw_Defects | B12: Quality/defect log linked to POs flagged with defects.
A14: Color legend
B15: Yellow fill: input cell / scenario selector (edit this)
B16: Green: Low risk (RAG)
B17: Yellow: Moderate risk (RAG)
B18: Red: High risk (RAG)
A20: Tariff assumptions (grounded in real July 2026 conditions)
A21: • China: 35% effective rate = 10% Section 122 surcharge + 25% Section 301 (source: CBP/USTR guidance as tracked April 2026).
A22: • Section 122's 10% surcharge is statutorily capped and sunsets ~Jul 24, 2026 unless renewed - modeled as a scenario.
A23: • Mexico: USMCA-qualifying goods carry a ~0% effective rate; non-qualifying goods pay MFN rate.
A24: • United States (domestic): 0% tariff exposure in all scenarios.

Sheet Scorecard
A1: Supplier Risk & Tariff-Impact Scorecard
A2: Weighted composite risk score: 30% delivery reliability, 20% lead-time volatility, 25% tariff exposure, 25% quality
A4: Supplier ID | B4: Supplier Name | C4: Country | D4: Delivered POs | E4: On Time POs | F4: On Time Rate | G4: Avg Lead Time Days | H4: Lead Time StDev Days | I4: Total Base Spend | J4: Total Landed Spend | K4: Tariff Exposure Pct | L4: Defect Rate Pct | M4: Avg Customs Days | N4: Composite Risk Score | O4: RAG Status
A5: SUP-001 | B5: =INDEX(Raw_Suppliers!$B$2:$B$4,MATCH(A5,Raw_Suppliers!$A$2:$A$4,0)) | C5: =INDEX(Raw_Suppliers!$C$2:$C$4,MATCH(A5,Raw_Suppliers!$A$2:$A$4,0)) | D5: =COUNTIFS(Raw_POs!$B$2:$B$345,A5,Raw_POs!$N$2:$N$345,"Delivered",Raw_POs!$W$2:$W$345,1) | E5: =SUMIFS(Raw_POs!$P$2:$P$345,Raw_POs!$B$2:$B$345,A5,Raw_POs!$W$2:$W$345,1) | F5: =IFERROR(E5/D5,0) | G5: =IFERROR(AVERAGEIFS(Raw_POs!$O$2:$O$345,Raw_POs!$B$2:$B$345,A5,Raw_POs!$N$2:$N$345,"Delivered",Raw_POs!$W$2:$W$345,1),0) | H5: =IFERROR(SQRT(SUMPRODUCT((Raw_POs!$B$2:$B$345=A5)*(Raw_POs!$N$2:$N$345="Delivered")*(Raw_POs!$W$2:$W$345=1)*(Raw_POs!$O$2:$O$345)^2)/D5-G5^2),0) | I5: =IFERROR(SUMIFS(Raw_POs!$T$2:$T$345,Raw_POs!$B$2:$B$345,A5,Raw_POs!$W$2:$W$345,1),0) | J5: =IFERROR(SUMIFS(Raw_POs!$V$2:$V$345,Raw_POs!$B$2:$B$345,A5,Raw_POs!$W$2:$W$345,1),0) | K5: =IFERROR((J5-I5)/I5,0) | L5: =IFERROR(COUNTIFS(Raw_POs!$B$2:$B$345,A5,Raw_POs!$N$2:$N$345,"Delivered",Raw_POs!$M$2:$M$345,"Y",Raw_POs!$W$2:$W$345,1)/D5,0) | M5: =IFERROR(AVERAGEIFS(Raw_POs!$L$2:$L$345,Raw_POs!$B$2:$B$345,A5,Raw_POs!$W$2:$W$345,1),0) | N5: =ROUND(0.30*(1-F5)*100+0.20*MIN(H5/20*100,100)+0.25*K5*100+0.25*L5*100,1) | O5: =IF(N5>=30,"Red",IF(N5>=15,"Yellow","Green"))
A6: SUP-002 | B6: =INDEX(Raw_Suppliers!$B$2:$B$4,MATCH(A6,Raw_Suppliers!$A$2:$A$4,0)) | C6: =INDEX(Raw_Suppliers!$C$2:$C$4,MATCH(A6,Raw_Suppliers!$A$2:$A$4,0)) | D6: =COUNTIFS(Raw_POs!$B$2:$B$345,A6,Raw_POs!$N$2:$N$345,"Delivered",Raw_POs!$W$2:$W$345,1) | E6: =SUMIFS(Raw_POs!$P$2:$P$345,Raw_POs!$B$2:$B$345,A6,Raw_POs!$W$2:$W$345,1) | F6: =IFERROR(E6/D6,0) | G6: =IFERROR(AVERAGEIFS(Raw_POs!$O$2:$O$345,Raw_POs!$B$2:$B$345,A6,Raw_POs!$N$2:$N$345,"Delivered",Raw_POs!$W$2:$W$345,1),0) | H6: =IFERROR(SQRT(SUMPRODUCT((Raw_POs!$B$2:$B$345=A6)*(Raw_POs!$N$2:$N$345="Delivered")*(Raw_POs!$W$2:$W$345=1)*(Raw_POs!$O$2:$O$345)^2)/D6-G6^2),0) | I6: =IFERROR(SUMIFS(Raw_POs!$T$2:$T$345,Raw_POs!$B$2:$B$345,A6,Raw_POs!$W$2:$W$345,1),0) | J6: =IFERROR(SUMIFS(Raw_POs!$V$2:$V$345,Raw_POs!$B$2:$B$345,A6,Raw_POs!$W$2:$W$345,1),0) | K6: =IFERROR((J6-I6)/I6,0) | L6: =IFERROR(COUNTIFS(Raw_POs!$B$2:$B$345,A6,Raw_POs!$N$2:$N$345,"Delivered",Raw_POs!$M$2:$M$345,"Y",Raw_POs!$W$2:$W$345,1)/D6,0) | M6: =IFERROR(AVERAGEIFS(Raw_POs!$L$2:$L$345,Raw_POs!$B$2:$B$345,A6,Raw_POs!$W$2:$W$345,1),0) | N6: =ROUND(0.30*(1-F6)*100+0.20*MIN(H6/20*100,100)+0.25*K6*100+0.25*L6*100,1) | O6: =IF(N6>=30,"Red",IF(N6>=15,"Yellow","Green"))
A7: SUP-003 | B7: =INDEX(Raw_Suppliers!$B$2:$B$4,MATCH(A7,Raw_Suppliers!$A$2:$A$4,0)) | C7: =INDEX(Raw_Suppliers!$C$2:$C$4,MATCH(A7,Raw_Suppliers!$A$2:$A$4,0)) | D7: =COUNTIFS(Raw_POs!$B$2:$B$345,A7,Raw_POs!$N$2:$N$345,"Delivered",Raw_POs!$W$2:$W$345,1) | E7: =SUMIFS(Raw_POs!$P$2:$P$345,Raw_POs!$B$2:$B$345,A7,Raw_POs!$W$2:$W$345,1) | F7: =IFERROR(E7/D7,0) | G7: =IFERROR(AVERAGEIFS(Raw_POs!$O$2:$O$345,Raw_POs!$B$2:$B$345,A7,Raw_POs!$N$2:$N$345,"Delivered",Raw_POs!$W$2:$W$345,1),0) | H7: =IFERROR(SQRT(SUMPRODUCT((Raw_POs!$B$2:$B$345=A7)*(Raw_POs!$N$2:$N$345="Delivered")*(Raw_POs!$W$2:$W$345=1)*(Raw_POs!$O$2:$O$345)^2)/D7-G7^2),0) | I7: =IFERROR(SUMIFS(Raw_POs!$T$2:$T$345,Raw_POs!$B$2:$B$345,A7,Raw_POs!$W$2:$W$345,1),0) | J7: =IFERROR(SUMIFS(Raw_POs!$V$2:$V$345,Raw_POs!$B$2:$B$345,A7,Raw_POs!$W$2:$W$345,1),0) | K7: =IFERROR((J7-I7)/I7,0) | L7: =IFERROR(COUNTIFS(Raw_POs!$B$2:$B$345,A7,Raw_POs!$N$2:$N$345,"Delivered",Raw_POs!$M$2:$M$345,"Y",Raw_POs!$W$2:$W$345,1)/D7,0) | M7: =IFERROR(AVERAGEIFS(Raw_POs!$L$2:$L$345,Raw_POs!$B$2:$B$345,A7,Raw_POs!$W$2:$W$345,1),0) | N7: =ROUND(0.30*(1-F7)*100+0.20*MIN(H7/20*100,100)+0.25*K7*100+0.25*L7*100,1) | O7: =IF(N7>=30,"Red",IF(N7>=15,"Yellow","Green"))
B8: TOTAL / BLENDED | D8: =SUM(D5:D7) | E8: =SUM(E5:E7) | F8: =IFERROR(E8/D8,0) | I8: =SUM(I5:I7) | J8: =SUM(J5:J7) | K8: =IFERROR((J8-I8)/I8,0)

Sheet Tariff_Scenario_Toggle
A1: Tariff Scenario Simulation Toggle
A2: Select a scenario from the dropdown to recalculate landed spend across all suppliers.
A4: Select Tariff Scenario: | B4: Current (Jul 2026) | D4: Adjustment Type: | E4: =IFERROR(INDEX(Raw_Tariff_Scenarios!$B$2:$B$6,MATCH($B$4,Raw_Tariff_Scenarios!$A$2:$A$6,0)),"") | F4: Adjustment Value: | G4: =IFERROR(INDEX(Raw_Tariff_Scenarios!$C$2:$C$6,MATCH($B$4,Raw_Tariff_Scenarios!$A$2:$A$6,0)),0) | H4: Scenario Description: | I4: =IFERROR(INDEX(Raw_Tariff_Scenarios!$D$2:$D$6,MATCH($B$4,Raw_Tariff_Scenarios!$A$2:$A$6,0)),"")
A6: Supplier ID | B6: Supplier Name | C6: Country | D6: Base Spend | E6: Current Effective Rate | F6: Scenario New Rate | G6: Scenario Landed Spend | H6: Delta vs Current Landed Spend
A7: =Scorecard!A5 | B7: =Scorecard!B5 | C7: =Scorecard!C5 | D7: =Scorecard!I5 | E7: =Scorecard!K5 | F7: =IF(C7="United States",0,IF($E$4="Additive",MAX(0,E7+$G$4),$G$4)) | G7: =D7*(1+F7) | H7: =G7-D7*(1+E7)
A8: =Scorecard!A6 | B8: =Scorecard!B6 | C8: =Scorecard!C6 | D8: =Scorecard!I6 | E8: =Scorecard!K6 | F8: =IF(C8="United States",0,IF($E$4="Additive",MAX(0,E8+$G$4),$G$4)) | G8: =D8*(1+F8) | H8: =G8-D8*(1+E8)
A9: =Scorecard!A7 | B9: =Scorecard!B7 | C9: =Scorecard!C7 | D9: =Scorecard!I7 | E9: =Scorecard!K7 | F9: =IF(C9="United States",0,IF($E$4="Additive",MAX(0,E9+$G$4),$G$4)) | G9: =D9*(1+F9) | H9: =G9-D9*(1+E9)
B10: TOTAL | D10: =SUM(D7:D9) | G10: =SUM(G7:G9) | H10: =SUM(H7:H9)

Sheet Data_Quality_Log
A1: Data Quality Audit: Raw_POs Export
A2: Live formulas auditing the raw Coupa export prior to KPI derivation.
A3: Audit Check | B3: Result
A4: Total PO rows in export | B4: =COUNTA(Raw_POs!A2:A345)
A5: Unique PO_IDs | B5: =SUMPRODUCT(1/COUNTIF(Raw_POs!A2:A345,Raw_POs!A2:A345))
A6: Duplicate row count (rows minus unique IDs) | B6: =B4-B5
A7: Rows missing Unit_Cost_USD (pending invoice reconciliation) | B7: =COUNTBLANK(Raw_POs!G2:G345)
A8: POs still In Transit (excluded from on-time/lead-time KPIs) | B8: =COUNTIF(Raw_POs!N2:N345,"In Transit")
A9: Inconsistent-case Incoterm values found | B9: =SUMPRODUCT(--(EXACT(Raw_POs!H2:H345,UPPER(Raw_POs!H2:H345))=FALSE))
A11: Data Cleaning & Deduplication Architecture
A12: The raw export simulates typical ERP portal noise (re-keyed orders and unreconciled invoice lines). Raw_POs column W (Is_First_Occurrence) flags duplicate entries to ensure every Scorecard formula, SQL query, and Python pipeline step computes strictly identical KPIs across all deliverables.

Sheet Raw_Suppliers
A1: Supplier_ID | B1: Supplier_Name | C1: Country | D1: Region | E1: City | F1: Primary_Category | G1: Onboarded_Date | H1: USMCA_Qualifying
A2: SUP-001 | B2: TitanForge Components | C2: United States | D2: Domestic | E2: Columbus, OH | F2: GPU Servers | G2: 44999
A3: SUP-002 | B3: Bajio Precision Systems | C3: Mexico | D3: Nearshore | E3: Queretaro, MX | F3: Network Switches | G3: 45313 | H3: Y
A4: SUP-003 | B4: Zhongxin Compute Manufacturing | C4: China | D4: Offshore | E4: Shenzhen, CN | F4: PDU / MEP Equipment | G4: 44805

Sheet Raw_POs
A1: PO_ID | B1: Supplier_ID | C1: Product_Category | D1: HS_Code | E1: PO_Date | F1: Quantity | G1: Unit_Cost_USD | H1: Incoterm | I1: Freight_Mode | J1: Promised_Delivery_Date | K1: Actual_Delivery_Date | L1: Customs_Clearance_Days | M1: Defect_Flag | N1: PO_Status | O1: Lead_Time_Days | P1: On_Time_Flag | Q1: Supplier_Country | R1: Tariff_Key | S1: Effective_Tariff_Rate | T1: Base_Spend_USD | U1: Landed_Cost_Per_Unit | V1: Landed_Cost_Total | W1: Is_First_Occurrence
A2: PO-1319 | B2: SUP-001 | C2: PDU / MEP Equipment | D2: 8537.1 | E2: 45663 | F2: 8 | G2: 2982.5 | H2: DDP | I2: Truck | J2: 45679 | K2: 45679 | L2: 1 | M2: N | N2: Delivered | O2: =IF(K2="",0,K2-E2) | P2: =IF(N2<>"Delivered","",IF(K2<=J2,1,0)) | Q2: =IFERROR(INDEX(Raw_Suppliers!$C$2:$C$4,MATCH(B2,Raw_Suppliers!$A$2:$A$4,0)),"") | R2: =Q2&"|"&D2 | S2: =IFERROR(INDEX(Raw_Tariff_Ref!$H$2:$H$10,MATCH(R2,Raw_Tariff_Ref!$I$2:$I$10,0)),0) | T2: =IF(G2="","",G2*F2) | U2: =IF(G2="","",G2*(1+S2)) | V2: =IF(U2="","",U2*F2) | W2: =IF(COUNTIF($A$2:A2,A2)=1,1,0)
A3: PO-1013 | B3: SUP-001 | C3: GPU Servers | D3: 8471.5 | E3: 45663 | F3: 2 | G3: 21585.41 | H3: DDP | I3: Air | J3: 45674 | K3: 45673 | L3: 0 | M3: N | N3: Delivered | O3: =IF(K3="",0,K3-E3) | P3: =IF(N3<>"Delivered","",IF(K3<=J3,1,0)) | Q3: =IFERROR(INDEX(Raw_Suppliers!$C$2:$C$4,MATCH(B3,Raw_Suppliers!$A$2:$A$4,0)),"") | R3: =Q3&"|"&D3 | S3: =IFERROR(INDEX(Raw_Tariff_Ref!$H$2:$H$10,MATCH(R3,Raw_Tariff_Ref!$I$2:$I$10,0)),0) | T3: =IF(G3="","",G3*F3) | U3: =IF(G3="","",G3*(1+S3)) | V3: =IF(U3="","",U3*F3) | W3: =IF(COUNTIF($A$2:A3,A3)=1,1,0)
A4: PO-1012 | B4: SUP-002 | C4: GPU Servers | D4: 8471.5 | E4: 45666 | F4: 25 | G4: 17318.17 | H4: FOB | I4: Ocean | J4: 45689 | K4: 45698 | L4: 2 | M4: N | N4: Delivered | O4: =IF(K4="",0,K4-E4) | P4: =IF(N4<>"Delivered","",IF(K4<=J4,1,0)) | Q4: =IFERROR(INDEX(Raw_Suppliers!$C$2:$C$4,MATCH(B4,Raw_Suppliers!$A$2:$A$4,0)),"") | R4: =Q4&"|"&D4 | S4: =IFERROR(INDEX(Raw_Tariff_Ref!$H$2:$H$10,MATCH(R4,Raw_Tariff_Ref!$I$2:$I$10,0)),0) | T4: =IF(G4="","",G4*F4) | U4: =IF(G4="","",G4*(1+S4)) | V4: =IF(U4="","",U4*F4) | W4: =IF(COUNTIF($A$2:A4,A4)=1,1,0)
A5: PO-1002 | B5: SUP-002 | C5: GPU Servers | D5: 8471.5 | E5: 45669 | F5: 16 | G5: 16525.27 | H5: FOB | I5: Truck | J5: 45686 | K5: 45684 | L5: 3 | M5: N | N5: Delivered | O5: =IF(K5="",0,K5-E5) | P5: =IF(N5<>"Delivered","",IF(K5<=J5,1,0)) | Q5: =IFERROR(INDEX(Raw_Suppliers!$C$2:$C$4,MATCH(B5,Raw_Suppliers!$A$2:$A$4,0)),"") | R5: =Q5&"|"&D5 | S5: =IFERROR(INDEX(Raw_Tariff_Ref!$H$2:$H$10,MATCH(R5,Raw_Tariff_Ref!$I$2:$I$10,0)),0) | T5: =IF(G5="","",G5*F5) | U5: =IF(G5="","",G5*(1+S5)) | V5: =IF(U5="","",U5*F5) | W5: =IF(COUNTIF($A$2:A5,A5)=1,1,0)
A6: PO-1125 | B6: SUP-002 | C6: Network Switches | D6: 8517.62 | E6: 45670 | F6: 5 | G6: 3716.54 | H6: CIF | I6: Ocean | J6: 45692 | K6: 45690 | L6: 1 | M6: N | N6: Delivered | O6: =IF(K6="",0,K6-E6) | P6: =IF(N6<>"Delivered","",IF(K6<=J6,1,0)) | Q6: =IFERROR(INDEX(Raw_Suppliers!$C$2:$C$4,MATCH(B6,Raw_Suppliers!$A$2:$A$4,0)),"") | R6: =Q6&"|"&D6 | S6: =IFERROR(INDEX(Raw_Tariff_Ref!$H$2:$H$10,MATCH(R6,Raw_Tariff_Ref!$I$2:$I$10,0)),0) | T6: =IF(G6="","",G6*F6) | U6: =IF(G6="","",G6*(1+S6)) | V6: =IF(U6="","",U6*F6) | W6: =IF(COUNTIF($A$2:A6,A6)=1,1,0)
A7: PO-1229 | B7: SUP-001 | C7: GPU Servers | D7: 8471.5 | E7: 45672 | F7: 12 | G7: 23435.22 | H7: DDP | I7: Air | J7: 45685 | K7: 45684 | L7: 0 | M7: N | N7: Delivered | O7: =IF(K7="",0,K7-E7) | P7: =IF(N7<>"Delivered","",IF(K7<=J7,1,0)) | Q7: =IFERROR(INDEX(Raw_Suppliers!$C$2:$C$4,MATCH(B7,Raw_Suppliers!$A$2:$A$4,0)),"") | R7: =Q7&"|"&D7 | S7: =IFERROR(INDEX(Raw_Tariff_Ref!$H$2:$H$10,MATCH(R7,Raw_Tariff_Ref!$I$2:$I$10,0)),0) | T7: =IF(G7="","",G7*F7) | U7: =IF(G7="","",G7*(1+S7)) | V7: =IF(U7="","",U7*F7) | W7: =IF(COUNTIF($A$2:A7,A7)=1,1,0)
A8: PO-1230 | B8: SUP-001 | C8: PDU / MEP Equipment | D8: 8537.1 | E8: 45675 | F8: 10 | G8: 3972.18 | H8: DDP | I8: Truck | J8: 45683 | K8: 45683 | L8: 1 | M8: N | N8: Delivered | O8: =IF(K8="",0,K8-E8) | P8: =IF(N8<>"Delivered","",IF(K8<=J8,1,0)) | Q8: =IFERROR(INDEX(Raw_Suppliers!$C$2:$C$4,MATCH(B8,Raw_Suppliers!$A$2:$A$4,0)),"") | R8: =Q8&"|"&D8 | S8: =IFERROR(INDEX(Raw_Tariff_Ref!$H$2:$H$10,MATCH(R8,Raw_Tariff_Ref!$I$2:$I$10,0)),0) | T8: =IF(G8="","",G8*F8) | U8: =IF(G8="","",G8*(1+S8)) | V8: =IF(U8="","",U8*F8) | W8: =IF(COUNTIF($A$2:A8,A8)=1,1,0)
A9: PO-1088 | B9: SUP-001 | C9: PDU / MEP Equipment | D9: 8537.1 | E9: 45678 | F9: 5 | G9: 2844.16 | H9: DDP | I9: Air | J9: 45690 | K9: 45689 | L9: 1 | M9: N | N9: Delivered | O9: =IF(K9="",0,K9-E9) | P9: =IF(N9<>"Delivered","",IF(K9<=J9,1,0)) | Q9: =IFERROR(INDEX(Raw_Suppliers!$C$2:$C$4,MATCH(B9,Raw_Suppliers!$A$2:$A$4,0)),"") | R9: =Q9&"|"&D9 | S9: =IFERROR(INDEX(Raw_Tariff_Ref!$H$2:$H$10,MATCH(R9,Raw_Tariff_Ref!$I$2:$I$10,0)),0) | T9: =IF(G9="","",G9*F9) | U9: =IF(G9="","",G9*(1+S9)) | V9: =IF(U9="","",U9*F9) | W9: =IF(COUNTIF($A$2:A9,A9)=1,1,0)
A10: PO-1154 | B10: SUP-003 | C10: Network Switches | D10: 8517.62 | E10: 45679 | F10: 12 | G10: 1921.59 | H10: CIF | I10: Ocean | J10: 45724 | K10: 45722 | L10: 12 | M10: N | N10: Delivered | O10: =IF(K10="",0,K10-E10) | P10: =IF(N10<>"Delivered","",IF(K10<=J10,1,0)) | Q10: =IFERROR(INDEX(Raw_Suppliers!$C$2:$C$4,MATCH(B10,Raw_Suppliers!$A$2:$A$4,0)),"") | R10: =Q10&"|"&D10 | S10: =IFERROR(INDEX(Raw_Tariff_Ref!$H$2:$H$10,MATCH(R10,Raw_Tariff_Ref!$I$2:$I$10,0)),0) | T10: =IF(G10="","",G10*F10) | U10: =IF(G10="","",G10*(1+S10)) | V10: =IF(U10="","",U10*F10) | W10: =IF(COUNTIF($A$2:A10,A10)=1,1,0)
A11: PO-1287 | B11: SUP-003 | C11: PDU / MEP Equipment | D11: 8537.1 | E11: 45680 | F11: 10 | G11: 2468.63 | H11: EXW | I11: Air | J11: 45704 | K11: 45702 | L11: 11 | M11: N | N11: Delivered | O11: =IF(K11="",0,K11-E11) | P11: =IF(N11<>"Delivered","",IF(K11<=J11,1,0)) | Q11: =IFERROR(INDEX(Raw_Suppliers!$C$2:$C$4,MATCH(B11,Raw_Suppliers!$A$2:$A$4,0)),"") | R11: =Q11&"|"&D11 | S11: =IFERROR(INDEX(Raw_Tariff_Ref!$H$2:$H$10,MATCH(R11,Raw_Tariff_Ref!$I$2:$I$10,0)),0) | T11: =IF(G11="","",G11*F11) | U11: =IF(G11="","",G11*(1+S11)) | V11: =IF(U11="","",U11*F11) | W11: =IF(COUNTIF($A$2:A11,A11)=1,1,0)
A12: PO-1314 | B12: SUP-002 | C12: Network Switches | D12: 8517.62 | E12: 45682 | F12: 20 | G12: 3806.87 | H12: CIF | I12: Ocean | J12: 45697 | K12: 45709 | L12: 3 | M12: N | N12: Delivered | O12: =IF(K12="",0,K12-E12) | P12: =IF(N12<>"Delivered","",IF(K12<=J12,1,0)) | Q12: =IFERROR(INDEX(Raw_Suppliers!$C$2:$C$4,MATCH(B12,Raw_Suppliers!$A$2:$A$4,0)),"") | R12: =Q12&"|"&D12 | S12: =IFERROR(INDEX(Raw_Tariff_Ref!$H$2:$H$10,MATCH(R12,Raw_Tariff_Ref!$I$2:$I$10,0)),0) | T12: =IF(G12="","",G12*F12) | U12: =IF(G12="","",G12*(1+S12)) | V12: =IF(U12="","",U12*F12) | W12: =IF(COUNTIF($A$2:A12,A12)=1,1,0)
A13: PO-1128 | B13: SUP-001 | C13: PDU / MEP Equipment | D13: 8537.1 | E13: 45684 | F13: 40 | G13: 3716.76 | H13: DDP | I13: Truck | J13: 45697 | K13: 45703 | L13: 1 | M13: N | N13: Delivered | O13: =IF(K13="",0,K13-E13) | P13: =IF(N13<>"Delivered","",IF(K13<=J13,1,0)) | Q13: =IFERROR(INDEX(Raw_Suppliers!$C$2:$C$4,MATCH(B13,Raw_Suppliers!$A$2:$A$4,0)),"") | R13: =Q13&"|"&D13 | S13: =IFERROR(INDEX(Raw_Tariff_Ref!$H$2:$H$10,MATCH(R13,Raw_Tariff_Ref!$I$2:$I$10,0)),0) | T13: =IF(G13="","",G13*F13) | U13: =IF(G13="","",G13*(1+S13)) | V13: =IF(U13="","",U13*F13) | W13: =IF(COUNTIF($A$2:A13,A13)=1,1,0)
... A29: PO-1275 | B29: SUP-003 | C29: PDU / MEP Equipment | D29: 8537.1 | E29: 45710 | F29: 2 | G29: 2297.91 | H29: EXW | I29: Air | J29: 45742 | K29: 45741 | L29: 10 | M29: N | N29: Delivered | O29: =IF(K29="",0,K29-E29) | P29: =IF(N29<>"Delivered","",IF(K29<=J29,1,0)) | Q29: =IFERROR(INDEX(Raw_Suppliers!$C$2:$C$4,MATCH(B29,Raw_Suppliers!$A$2:$A$4,0)),"") | R29: =Q29&"|"&D29 | S29: =IFERROR(INDEX(Raw_Tariff_Ref!$H$2:$H$10,MATCH(R29,Raw_Tariff_Ref!$I$2:$I$10,0)),0) | T29: =IF(G29="","",G29*F29) | U29: =IF(G29="","",G29*(1+S29)) | V29: =IF(U29="","",U29*F29) | W29: =IF(COUNTIF($A$2:A29,A29)=1,1,0)
A30: PO-1118 | B30: SUP-002 | C30: GPU Servers | D30: 8471.5 | E30: 45715 | F30: 10 | H30: fob | I30: Truck | J30: 45733 | K30: 45753 | L30: 4 | M30: N | N30: Delivered | O30: =IF(K30="",0,K30-E30) | P30: =IF(N30<>"Delivered","",IF(K30<=J30,1,0)) | Q30: =IFERROR(INDEX(Raw_Suppliers!$C$2:$C$4,MATCH(B30,Raw_Suppliers!$A$2:$A$4,0)),"") | R30: =Q30&"|"&D30 | S30: =IFERROR(INDEX(Raw_Tariff_Ref!$H$2:$H$10,MATCH(R30,Raw_Tariff_Ref!$I$2:$I$10,0)),0) | T30: =IF(G30="","",G30*F30) | U30: =IF(G30="","",G30*(1+S30)) | V30: =IF(U30="","",U30*F30) | W30: =IF(COUNTIF($A$2:A30,A30)=1,1,0)
A31: PO-1019 | B31: SUP-002 | C31: GPU Servers | D31: 8471.5 | E31: 45718 | F31: 4 | G31: 21292.19 | H31: CIF | I31: Truck | J31: 45731 | K31: 45731 | L31: 2 | M31: N | N31: Delivered | O31: =IF(K31="",0,K31-E31) | P31: =IF(N31<>"Delivered","",IF(K31<=J31,1,0)) | Q31: =IFERROR(INDEX(Raw_Suppliers!$C$2:$C$4,MATCH(B31,Raw_Suppliers!$A$2:$A$4,0)),"") | R31: =Q31&"|"&D31 | S31: =IFERROR(INDEX(Raw_Tariff_Ref!$H$2:$H$10,MATCH(R31,Raw_Tariff_Ref!$I$2:$I$10,0)),0) | T31: =IF(G31="","",G31*F31) | U31: =IF(G31="","",G31*(1+S31)) | V31: =IF(U31="","",U31*F31) | W31: =IF(COUNTIF($A$2:A31,A31)=1,1,0)
A32: PO-1133 | B32: SUP-003 | C32: Network Switches | D32: 8517.62 | E32: 45720 | F32: 10 | G32: 1953.91 | H32: EXW | I32: Ocean | J32: 45751 | K32: 45749 | L32: 8 | M32: N | N32: Delivered | O32: =IF(K32="",0,K32-E32) | P32: =IF(N32<>"Delivered","",IF(K32<=J32,1,0)) | Q32: =IFERROR(INDEX(Raw_Suppliers!$C$2:$C$4,MATCH(B32,Raw_Suppliers!$A$2:$A$4,0)),"") | R32: =Q32&"|"&D32 | S32: =IFERROR(INDEX(Raw_Tariff_Ref!$H$2:$H$10,MATCH(R32,Raw_Tariff_Ref!$I$2:$I$10,0)),0) | T32: =IF(G32="","",G32*F32) | U32: =IF(G32="","",G32*(1+S32)) | V32: =IF(U32="","",U32*F32) | W32: =IF(COUNTIF($A$2:A32,A32)=1,1,0)
A33: PO-1290 | B33: SUP-003 | C33: PDU / MEP Equipment | D33: 8537.1 | E33: 45722 | F33: 4 | G33: 2104.21 | H33: CIF | I33: Ocean | J33: 45756 | K33: 45755 | L33: 7 | M33: N | N33: Delivered | O33: =IF(K33="",0,K33-E33) | P33: =IF(N33<>"Delivered","",IF(K33<=J33,1,0)) | Q33: =IFERROR(INDEX(Raw_Suppliers!$C$2:$C$4,MATCH(B33,Raw_Suppliers!$A$2:$A$4,0)),"") | R33: =Q33&"|"&D33 | S33: =IFERROR(INDEX(Raw_Tariff_Ref!$H$2:$H$10,MATCH(R33,Raw_Tariff_Ref!$I$2:$I$10,0)),0) | T33: =IF(G33="","",G33*F33) | U33: =IF(G33="","",G33*(1+S33)) | V33: =IF(U33="","",U33*F33) | W33: =IF(COUNTIF($A$2:A33,A33)=1,1,0)
A34: PO-1270 | B34: SUP-003 | C34: Network Switches | D34: 8517.62 | E34: 45723 | F34: 5 | G34: 1958.97 | H34: CIF | I34: Air | J34: 45774 | K34: 45784 | L34: 6 | M34: N | N34: Delivered | O34: =IF(K34="",0,K34-E34) | P34: =IF(N34<>"Delivered","",IF(K34<=J34,1,0)) | Q34: =IFERROR(INDEX(Raw_Suppliers!$C$2:$C$4,MATCH(B34,Raw_Suppliers!$A$2:$A$4,0)),"") | R34: =Q34&"|"&D34 | S34: =IFERROR(INDEX(Raw_Tariff_Ref!$H$2:$H$10,MATCH(R34,Raw_Tariff_Ref!$I$2:$I$10,0)),0) | T34: =IF(G34="","",G34*F34) | U34: =IF(G34="","",G34*(1+S34)) | V34: =IF(U34="","",U34*F34) | W34: =IF(COUNTIF($A$2:A34,A34)=1,1,0)
A35: PO-1228 | B35: SUP-003 | C35: GPU Servers | D35: 8471.5 | E35: 45723 | F35: 2 | G35: 17172.45 | H35: FOB | I35: Ocean | J35: 45748 | K35: 45746 | L35: 6 | M35: N | N35: Delivered | O35: =IF(K35="",0,K35-E35) | P35: =IF(N35<>"Delivered","",IF(K35<=J35,1,0)) | Q35: =IFERROR(INDEX(Raw_Suppliers!$C$2:$C$4,MATCH(B35,Raw_Suppliers!$A$2:$A$4,0)),"") | R35: =Q35&"|"&D35 | S35: =IFERROR(INDEX(Raw_Tariff_Ref!$H$2:$H$10,MATCH(R35,Raw_Tariff_Ref!$I$2:$I$10,0)),0) | T35: =IF(G35="","",G35*F35) | U35: =IF(G35="","",G35*(1+S35)) | V35: =IF(U35="","",U35*F35) | W35: =IF(COUNTIF($A$2:A35,A35)=1,1,0)
A36: PO-1112 | B36: SUP-003 | C36: PDU / MEP Equipment | D36: 8537.1 | E36: 45725 | F36: 16 | G36: 1418.55 | H36: FOB | I36: Air | J36: 45756 | K36: 45783 | L36: 4 | M36: N | N36: Delivered | O36: =IF(K36="",0,K36-E36) | P36: =IF(N36<>"Delivered","",IF(K36<=J36,1,0)) | Q36: =IFERROR(INDEX(Raw_Suppliers!$C$2:$C$4,MATCH(B36,Raw_Suppliers!$A$2:$A$4,0)),"") | R36: =Q36&"|"&D36 | S36: =IFERROR(INDEX(Raw_Tariff_Ref!$H$2:$H$10,MATCH(R36,Raw_Tariff_Ref!$I$2:$I$10,0)),0) | T36: =IF(G36="","",G36*F36) | U36: =IF(G36="","",G36*(1+S36)) | V36: =IF(U36="","",U36*F36) | W36: =IF(COUNTIF($A$2:A36,A36)=1,1,0)
A37: PO-1206 | B37: SUP-003 | C37: PDU / MEP Equipment | D37: 8537.1 | E37: 45726 | F37: 8 | G37: 2332.58 | H37: EXW | I37: Ocean | J37: 45753 | K37: 45787 | L37: 8 | M37: N | N37: Delivered | O37: =IF(K37="",0,K37-E37) | P37: =IF(N37<>"Delivered","",IF(K37<=J37,1,0)) | Q37: =IFERROR(INDEX(Raw_Suppliers!$C$2:$C$4,MATCH(B37,Raw_Suppliers!$A$2:$A$4,0)),"") | R37: =Q37&"|"&D37 | S37: =IFERROR(INDEX(Raw_Tariff_Ref!$H$2:$H$10,MATCH(R37,Raw_Tariff_Ref!$I$2:$I$10,0)),0) | T37: =IF(G37="","",G37*F37) | U37: =IF(G37="","",G37*(1+S37)) | V37: =IF(U37="","",U37*F37) | W37: =IF(COUNTIF($A$2:A37,A37)=1,1,0)
A38: PO-1156 | B38: SUP-003 | C38: PDU / MEP Equipment | D38: 8537.1 | E38: 45727 | F38: 2 | G38: 1969.01 | H38: EXW | I38: Ocean | J38: 45764 | K38: 45795 | L38: 3 | M38: N | N38: Delivered | O38: =IF(K38="",0,K38-E38) | P38: =IF(N38<>"Delivered","",IF(K38<=J38,1,0)) | Q38: =IFERROR(INDEX(Raw_Suppliers!$C$2:$C$4,MATCH(B38,Raw_Suppliers!$A$2:$A$4,0)),"") | R38: =Q38&"|"&D38 | S38: =IFERROR(INDEX(Raw_Tariff_Ref!$H$2:$H$10,MATCH(R38,Raw_Tariff_Ref!$I$2:$I$10,0)),0) | T38: =IF(G38="","",G38*F38) | U38: =IF(G38="","",G38*(1+S38)) | V38: =IF(U38="","",U38*F38) | W38: =IF(COUNTIF($A$2:A38,A38)=1,1,0)
A39: PO-1016 | B39: SUP-001 | C39: GPU Servers | D39: 8471.5 | E39: 45728 | F39: 25 | G39: 22605.4 | H39: FOB | I39: Truck | J39: 45738 | K39: 45738 | L39: 0 | M39: N | N39: Delivered | O39: =IF(K39="",0,K39-E39) | P39: =IF(N39<>"Delivered","",IF(K39<=J39,1,0)) | Q39: =IFERROR(INDEX(Raw_Suppliers!$C$2:$C$4,MATCH(B39,Raw_Suppliers!$A$2:$A$4,0)),"") | R39: =Q39&"|"&D39 | S39: =IFERROR(INDEX(Raw_Tariff_Ref!$H$2:$H$10,MATCH(R39,Raw_Tariff_Ref!$I$2:$I$10,0)),0) | T39: =IF(G39="","",G39*F39) | U39: =IF(G39="","",G39*(1+S39)) | V39: =IF(U39="","",U39*F39) | W39: =IF(COUNTIF($A$2:A39,A39)=1,1,0)
A40: PO-1221 | B40: SUP-002 | C40: Network Switches | D40: 8517.62 | E40: 45737 | F40: 25 | G40: 4992.43 | H40: FOB | I40: Ocean | J40: 45751 | K40: 45751 | L40: 3 | M40: N | N40: Delivered | O40: =IF(K40="",0,K40-E40) | P40: =IF(N40<>"Delivered","",IF(K40<=J40,1,0)) | Q40: =IFERROR(INDEX(Raw_Suppliers!$C$2:$C$4,MATCH(B40,Raw_Suppliers!$A$2:$A$4,0)),"") | R40: =Q40&"|"&D40 | S40: =IFERROR(INDEX(Raw_Tariff_Ref!$H$2:$H$10,MATCH(R40,Raw_Tariff_Ref!$I$2:$I$10,0)),0) | T40: =IF(G40="","",G40*F40) | U40: =IF(G40="","",G40*(1+S40)) | V40: =IF(U40="","",U40*F40) | W40: =IF(COUNTIF($A$2:A40,A40)=1,1,0)
A41: PO-1044 | B41: SUP-001 | C41: PDU / MEP Equipment | D41: 8537.1 | E41: 45737 | F41: 40 | G41: 3193.19 | H41: DDP | I41: Air | J41: 45748 | K41: 45748 | L41: 1 | M41: N | N41: Delivered | O41: =IF(K41="",0,K41-E41) | P41: =IF(N41<>"Delivered","",IF(K41<=J41,1,0)) | Q41: =IFERROR(INDEX(Raw_Suppliers!$C$2:$C$4,MATCH(B41,Raw_Suppliers!$A$2:$A$4,0)),"") | R41: =Q41&"|"&D41 | S41: =IFERROR(INDEX(Raw_Tariff_Ref!$H$2:$H$10,MATCH(R41,Raw_Tariff_Ref!$I$2:$I$10,0)),0) | T41: =IF(G41="","",G41*F41) | U41: =IF(G41="","",G41*(1+S41)) | V41: =IF(U41="","",U41*F41) | W41: =IF(COUNTIF($A$2:A41,A41)=1,1,0)
A42: PO-1303 | B42: SUP-001 | C42: PDU / MEP Equipment | D42: 8537.1 | E42: 45739 | F42: 16 | G42: 3844.46 | H42: FOB | I42: Truck | J42: 45748 | K42: 45746 | L42: 1 | M42: N | N42: Delivered | O42: =IF(K42="",0,K42-E42) | P42: =IF(N42<>"Delivered","",IF(K42<=J42,1,0)) | Q42: =IFERROR(INDEX(Raw_Suppliers!$C$2:$C$4,MATCH(B42,Raw_Suppliers!$A$2:$A$4,0)),"") | R42: =Q42&"|"&D42 | S42: =IFERROR(INDEX(Raw_Tariff_Ref!$H$2:$H$10,MATCH(R42,Raw_Tariff_Ref!$I$2:$I$10,0)),0) | T42: =IF(G42="","",G42*F42) | U42: =IF(G42="","",G42*(1+S42)) | V42: =IF(U42="","",U42*F42) | W42: =IF(COUNTIF($A$2:A42,A42)=1,1,0)
... A53: PO-1136 | B53: SUP-003 | C53: Network Switches | D53: 8517.62 | E53: 45749 | F53: 2 | G53: 2090.59 | H53: FOB | I53: Air | J53: 45778 | K53: 45776 | L53: 11 | M53: N | N53: Delivered | O53: =IF(K53="",0,K53-E53) | P53: =IF(N53<>"Delivered","",IF(K53<=J53,1,0)) | Q53: =IFERROR(INDEX(Raw_Suppliers!$C$2:$C$4,MATCH(B53,Raw_Suppliers!$A$2:$A$4,0)),"") | R53: =Q53&"|"&D53 | S53: =IFERROR(INDEX(Raw_Tariff_Ref!$H$2:$H$10,MATCH(R53,Raw_Tariff_Ref!$I$2:$I$10,0)),0) | T53: =IF(G53="","",G53*F53) | U53: =IF(G53="","",G53*(1+S53)) | V53: =IF(U53="","",U53*F53) | W53: =IF(COUNTIF($A$2:A53,A53)=1,1,0)
A54: PO-1251 | B54: SUP-002 | C54: GPU Servers | D54: 8471.5 | E54: 45750 | F54: 12 | H54: FOB | I54: Ocean | J54: 45773 | K54: 45771 | L54: 3 | M54: N | N54: Delivered | O54: =IF(K54="",0,K54-E54) | P54: =IF(N54<>"Delivered","",IF(K54<=J54,1,0)) | Q54: =IFERROR(INDEX(Raw_Suppliers!$C$2:$C$4,MATCH(B54,Raw_Suppliers!$A$2:$A$4,0)),"") | R54: =Q54&"|"&D54 | S54: =IFERROR(INDEX(Raw_Tariff_Ref!$H$2:$H$10,MATCH(R54,Raw_Tariff_Ref!$I$2:$I$10,0)),0) | T54: =IF(G54="","",G54*F54) | U54: =IF(G54="","",G54*(1+S54)) | V54: =IF(U54="","",U54*F54) | W54: =IF(COUNTIF($A$2:A54,A54)=1,1,0)
A55: PO-1239 | B55: SUP-001 | C55: PDU / MEP Equipment | D55: 8537.1 | E55: 45750 | F55: 8 | G55: 3995.05 | H55: FOB | I55: Air | J55: 45762 | K55: 45761 | L55: 0 | M55: N | N55: Delivered | O55: =IF(K55="",0,K55-E55) | P55: =IF(N55<>"Delivered","",IF(K55<=J55,1,0)) | Q55: =IFERROR(INDEX(Raw_Suppliers!$C$2:$C$4,MATCH(B55,Raw_Suppliers!$A$2:$A$4,0)),"") | R55: =Q55&"|"&D55 | S55: =IFERROR(INDEX(Raw_Tariff_Ref!$H$2:$H$10,MATCH(R55,Raw_Tariff_Ref!$I$2:$I$10,0)),0) | T55: =IF(G55="","",G55*F55) | U55: =IF(G55="","",G55*(1+S55)) | V55: =IF(U55="","",U55*F55) | W55: =IF(COUNTIF($A$2:A55,A55)=1,1,0)
A56: PO-1063 | B56: SUP-002 | C56: Network Switches | D56: 8517.62 | E56: 45750 | F56: 20 | G56: 4576.34 | H56: FOB | I56: Ocean | J56: 45769 | K56: 45768 | L56: 4 | M56: N | N56: Delivered | O56: =IF(K56="",0,K56-E56) | P56: =IF(N56<>"Delivered","",IF(K56<=J56,1,0)) | Q56: =IFERROR(INDEX(Raw_Suppliers!$C$2:$C$4,MATCH(B56,Raw_Suppliers!$A$2:$A$4,0)),"") | R56: =Q56&"|"&D56 | S56: =IFERROR(INDEX(Raw_Tariff_Ref!$H$2:$H$10,MATCH(R56,Raw_Tariff_Ref!$I$2:$I$10,0)),0) | T56: =IF(G56="","",G56*F56) | U56: =IF(G56="","",G56*(1+S56)) | V56: =IF(U56="","",U56*F56) | W56: =IF(COUNTIF($A$2:A56,A56)=1,1,0)
A57: PO-1014 | B57: SUP-001 | C57: GPU Servers | D57: 8471.5 | E57: 45750 | F57: 25 | G57: 22145.27 | H57: FOB | I57: Air | J57: 45760 | K57: 45758 | L57: 0 | M57: N | N57: Delivered | O57: =IF(K57="",0,K57-E57) | P57: =IF(N57<>"Delivered","",IF(K57<=J57,1,0)) | Q57: =IFERROR(INDEX(Raw_Suppliers!$C$2:$C$4,MATCH(B57,Raw_Suppliers!$A$2:$A$4,0)),"") | R57: =Q57&"|"&D57 | S57: =IFERROR(INDEX(Raw_Tariff_Ref!$H$2:$H$10,MATCH(R57,Raw_Tariff_Ref!$I$2:$I$10,0)),0) | T57: =IF(G57="","",G57*F57) | U57: =IF(G57="","",G57*(1+S57)) | V57: =IF(U57="","",U57*F57) | W57: =IF(COUNTIF($A$2:A57,A57)=1,1,0)
A58: PO-1331 | B58: SUP-002 | C58: GPU Servers | D58: 8471.5 | E58: 45752 | F58: 40 | G58: 20772.96 | H58: FOB | I58: Truck | J58: 45768 | K58: 45768 | L58: 2 | M58: N | N58: Delivered | O58: =IF(K58="",0,K58-E58) | P58: =IF(N58<>"Delivered","",IF(K58<=J58,1,0)) | Q58: =IFERROR(INDEX(Raw_Suppliers!$C$2:$C$4,MATCH(B58,Raw_Suppliers!$A$2:$A$4,0)),"") | R58: =Q58&"|"&D58 | S58: =IFERROR(INDEX(Raw_Tariff_Ref!$H$2:$H$10,MATCH(R58,Raw_Tariff_Ref!$I$2:$I$10,0)),0) | T58: =IF(G58="","",G58*F58) | U58: =IF(G58="","",G58*(1+S58)) | V58: =IF(U58="","",U58*F58) | W58: =IF(COUNTIF($A$2:A58,A58)=1,1,0)
A59: PO-1134 | B59: SUP-003 | C59: PDU / MEP Equipment | D59: 8537.1 | E59: 45755 | F59: 16 | G59: 1743.85 | H59: CIF | I59: Ocean | J59: 45809 | K59: 45809 | L59: 10 | M59: N | N59: Delivered | O59: =IF(K59="",0,K59-E59) | P59: =IF(N59<>"Delivered","",IF(K59<=J59,1,0)) | Q59: =IFERROR(INDEX(Raw_Suppliers!$C$2:$C$4,MATCH(B59,Raw_Suppliers!$A$2:$A$4,0)),"") | R59: =Q59&"|"&D59 | S59: =IFERROR(INDEX(Raw_Tariff_Ref!$H$2:$H$10,MATCH(R59,Raw_Tariff_Ref!$I$2:$I$10,0)),0) | T59: =IF(G59="","",G59*F59) | U59: =IF(G59="","",G59*(1+S59)) | V59: =IF(U59="","",U59*F59) | W59: =IF(COUNTIF($A$2:A59,A59)=1,1,0)
A60: PO-1090 | B60: SUP-003 | C60: GPU Servers | D60: 8471.5 | E60: 45755 | F60: 4 | G60: 17058.01 | H60: CIF | I60: Air | J60: 45793 | K60: 45791 | L60: 3 | M60: N | N60: Delivered | O60: =IF(K60="",0,K60-E60) | P60: =IF(N60<>"Delivered","",IF(K60<=J60,1,0)) | Q60: =IFERROR(INDEX(Raw_Suppliers!$C$2:$C$4,MATCH(B60,Raw_Suppliers!$A$2:$A$4,0)),"") | R60: =Q60&"|"&D60 | S60: =IFERROR(INDEX(Raw_Tariff_Ref!$H$2:$H$10,MATCH(R60,Raw_Tariff_Ref!$I$2:$I$10,0)),0) | T60: =IF(G60="","",G60*F60) | U60: =IF(G60="","",G60*(1+S60)) | V60: =IF(U60="","",U60*F60) | W60: =IF(COUNTIF($A$2:A60,A60)=1,1,0)
A61: PO-1082 | B61: SUP-002 | C61: GPU Servers | D61: 8471.5 | E61: 45758 | F61: 20 | G61: 21378.28 | H61: FOB | I61: Ocean | J61: 45772 | K61: 45770 | L61: 3 | M61: N | N61: Delivered | O61: =IF(K61="",0,K61-E61) | P61: =IF(N61<>"Delivered","",IF(K61<=J61,1,0)) | Q61: =IFERROR(INDEX(Raw_Suppliers!$C$2:$C$4,MATCH(B61,Raw_Suppliers!$A$2:$A$4,0)),"") | R61: =Q61&"|"&D61 | S61: =IFERROR(INDEX(Raw_Tariff_Ref!$H$2:$H$10,MATCH(R61,Raw_Tariff_Ref!$I$2:$I$10,0)),0) | T61: =IF(G61="","",G61*F61) | U61: =IF(G61="","",G61*(1+S61)) | V61: =IF(U61="","",U61*F61) | W61: =IF(COUNTIF($A$2:A61,A61)=1,1,0)
A62: PO-1140 | B62: SUP-003 | C62: GPU Servers | D62: 8471.5 | E62: 45758 | F62: 25 | G62: 15395.05 | H62: FOB | I62: Air | J62: 45792 | K62: 45791 | L62: 5 | M62: N | N62: Delivered | O62: =IF(K62="",0,K62-E62) | P62: =IF(N62<>"Delivered","",IF(K62<=J62,1,0)) | Q62: =IFERROR(INDEX(Raw_Suppliers!$C$2:$C$4,MATCH(B62,Raw_Suppliers!$A$2:$A$4,0)),"") | R62: =Q62&"|"&D62 | S62: =IFERROR(INDEX(Raw_Tariff_Ref!$H$2:$H$10,MATCH(R62,Raw_Tariff_Ref!$I$2:$I$10,0)),0) | T62: =IF(G62="","",G62*F62) | U62: =IF(G62="","",G62*(1+S62)) | V62: =IF(U62="","",U62*F62) | W62: =IF(COUNTIF($A$2:A62,A62)=1,1,0)
A63: PO-1064 | B63: SUP-002 | C63: Network Switches | D63: 8517.62 | E63: 45758 | F63: 8 | G63: 5121.14 | H63: CIF | I63: Ocean | J63: 45777 | K63: 45776 | L63: 3 | M63: N | N63: Delivered | O63: =IF(K63="",0,K63-E63) | P63: =IF(N63<>"Delivered","",IF(K63<=J63,1,0)) | Q63: =IFERROR(INDEX(Raw_Suppliers!$C$2:$C$4,MATCH(B63,Raw_Suppliers!$A$2:$A$4,0)),"") | R63: =Q63&"|"&D63 | S63: =IFERROR(INDEX(Raw_Tariff_Ref!$H$2:$H$10,MATCH(R63,Raw_Tariff_Ref!$I$2:$I$10,0)),0) | T63: =IF(G63="","",G63*F63) | U63: =IF(G63="","",G63*(1+S63)) | V63: =IF(U63="","",U63*F63) | W63: =IF(COUNTIF($A$2:A63,A63)=1,1,0)
A64: PO-1117 | B64: SUP-001 | C64: GPU Servers | D64: 8471.5 | E64: 45758 | F64: 12 | G64: 20401.53 | H64: FOB | I64: Air | J64: 45765 | K64: 45765 | L64: 0 | M64: N | N64: Delivered | O64: =IF(K64="",0,K64-E64) | P64: =IF(N64<>"Delivered","",IF(K64<=J64,1,0)) | Q64: =IFERROR(INDEX(Raw_Suppliers!$C$2:$C$4,MATCH(B64,Raw_Suppliers!$A$2:$A$4,0)),"") | R64: =Q64&"|"&D64 | S64: =IFERROR(INDEX(Raw_Tariff_Ref!$H$2:$H$10,MATCH(R64,Raw_Tariff_Ref!$I$2:$I$10,0)),0) | T64: =IF(G64="","",G64*F64) | U64: =IF(G64="","",G64*(1+S64)) | V64: =IF(U64="","",U64*F64) | W64: =IF(COUNTIF($A$2:A64,A64)=1,1,0)
A65: PO-1242 | B65: SUP-001 | C65: PDU / MEP Equipment | D65: 8537.1 | E65: 45758 | F65: 16 | G65: 2634.42 | H65: DDP | I65: Air | J65: 45770 | K65: 45769 | L65: 0 | M65: Y | N65: Delivered | O65: =IF(K65="",0,K65-E65) | P65: =IF(N65<>"Delivered","",IF(K65<=J65,1,0)) | Q65: =IFERROR(INDEX(Raw_Suppliers!$C$2:$C$4,MATCH(B65,Raw_Suppliers!$A$2:$A$4,0)),"") | R65: =Q65&"|"&D65 | S65: =IFERROR(INDEX(Raw_Tariff_Ref!$H$2:$H$10,MATCH(R65,Raw_Tariff_Ref!$I$2:$I$10,0)),0) | T65: =IF(G65="","",G65*F65) | U65: =IF(G65="","",G65*(1+S65)) | V65: =IF(U65="","",U65*F65) | W65: =IF(COUNTIF($A$2:A65,A65)=1,1,0)
A66: PO-1001 | B66: SUP-002 | C66: Network Switches | D66: 8517.62 | E66: 45758 | F66: 40 | G66: 4357.18 | H66: FOB | I66: Ocean | J66: 45775 | K66: 45775 | L66: 2 | M66: Y | N66: Delivered | O66: =IF(K66="",0,K66-E66) | P66: =IF(N66<>"Delivered","",IF(K66<=J66,1,0)) | Q66: =IFERROR(INDEX(Raw_Suppliers!$C$2:$C$4,MATCH(B66,Raw_Suppliers!$A$2:$A$4,0)),"") | R66: =Q66&"|"&D66 | S66: =IFERROR(INDEX(Raw_Tariff_Ref!$H$2:$H$10,MATCH(R66,Raw_Tariff_Ref!$I$2:$I$10,0)),0) | T66: =IF(G66="","",G66*F66) | U66: =IF(G66="","",G66*(1+S66)) | V66: =IF(U66="","",U66*F66) | W66: =IF(COUNTIF($A$2:A66,A66)=1,1,0)
... A125: PO-1317 | B125: SUP-002 | C125: Network Switches | D125: 8517.62 | E125: 45843 | F125: 12 | G125: 4531.16 | H125: FOB | I125: Ocean | J125: 45858 | K125: 45857 | L125: 2 | M125: N | N125: Delivered | O125: =IF(K125="",0,K125-E125) | P125: =IF(N125<>"Delivered","",IF(K125<=J125,1,0)) | Q125: =IFERROR(INDEX(Raw_Suppliers!$C$2:$C$4,MATCH(B125,Raw_Suppliers!$A$2:$A$4,0)),"") | R125: =Q125&"|"&D125 | S125: =IFERROR(INDEX(Raw_Tariff_Ref!$H$2:$H$10,MATCH(R125,Raw_Tariff_Ref!$I$2:$I$10,0)),0) | T125: =IF(G125="","",G125*F125) | U125: =IF(G125="","",G125*(1+S125)) | V125: =IF(U125="","",U125*F125) | W125: =IF(COUNTIF($A$2:A125,A125)=1,1,0)
A126: PO-1067 | B126: SUP-001 | C126: PDU / MEP Equipment | D126: 8537.1 | E126: 45846 | F126: 25 | H126: FOB | I126: Truck | J126: 45857 | K126: 45857 | L126: 1 | M126: N | N126: Delivered | O126: =IF(K126="",0,K126-E126) | P126: =IF(N126<>"Delivered","",IF(K126<=J126,1,0)) | Q126: =IFERROR(INDEX(Raw_Suppliers!$C$2:$C$4,MATCH(B126,Raw_Suppliers!$A$2:$A$4,0)),"") | R126: =Q126&"|"&D126 | S126: =IFERROR(INDEX(Raw_Tariff_Ref!$H$2:$H$10,MATCH(R126,Raw_Tariff_Ref!$I$2:$I$10,0)),0) | T126: =IF(G126="","",G126*F126) | U126: =IF(G126="","",G126*(1+S126)) | V126: =IF(U126="","",U126*F126) | W126: =IF(COUNTIF($A$2:A126,A126)=1,1,0)
A127: PO-1323 | B127: SUP-002 | C127: Network Switches | D127: 8517.62 | E127: 45849 | F127: 8 | G127: 3480.59 | H127: FOB | I127: Ocean | J127: 45864 | K127: 45864 | L127: 2 | M127: N | N127: Delivered | O127: =IF(K127="",0,K127-E127) | P127: =IF(N127<>"Delivered","",IF(K127<=J127,1,0)) | Q127: =IFERROR(INDEX(Raw_Suppliers!$C$2:$C$4,MATCH(B127,Raw_Suppliers!$A$2:$A$4,0)),"") | R127: =Q127&"|"&D127 | S127: =IFERROR(INDEX(Raw_Tariff_Ref!$H$2:$H$10,MATCH(R127,Raw_Tariff_Ref!$I$2:$I$10,0)),0) | T127: =IF(G127="","",G127*F127) | U127: =IF(G127="","",G127*(1+S127)) | V127: =IF(U127="","",U127*F127) | W127: =IF(COUNTIF($A$2:A127,A127)=1,1,0)
A128: PO-1333 | B128: SUP-001 | C128: PDU / MEP Equipment | D128: 8537.1 | E128: 45852 | F128: 12 | H128: FOB | I128: Air | J128: 45860 | K128: 45859 | L128: 1 | M128: N | N128: Delivered | O128: =IF(K128="",0,K128-E128) | P128: =IF(N128<>"Delivered","",IF(K128<=J128,1,0)) | Q128: =IFERROR(INDEX(Raw_Suppliers!$C$2:$C$4,MATCH(B128,Raw_Suppliers!$A$2:$A$4,0)),"") | R128: =Q128&"|"&D128 | S128: =IFERROR(INDEX(Raw_Tariff_Ref!$H$2:$H$10,MATCH(R128,Raw_Tariff_Ref!$I$2:$I$10,0)),0) | T128: =IF(G128="","",G128*F128) | U128: =IF(G128="","",G128*(1+S128)) | V128: =IF(U128="","",U128*F128) | W128: =IF(COUNTIF($A$2:A128,A128)=1,1,0)
A129: PO-1135 | B129: SUP-003 | C129: GPU Servers | D129: 8471.5 | E129: 45855 | F129: 25 | G129: 15636 | H129: EXW | I129: Air | J129: 45872 | K129: 45871 | L129: 4 | M129: N | N129: Delivered | O129: =IF(K129="",0,K129-E129) | P129: =IF(N129<>"Delivered","",IF(K129<=J129,1,0)) | Q129: =IFERROR(INDEX(Raw_Suppliers!$C$2:$C$4,MATCH(B129,Raw_Suppliers!$A$2:$A$4,0)),"") | R129: =Q129&"|"&D129 | S129: =IFERROR(INDEX(Raw_Tariff_Ref!$H$2:$H$10,MATCH(R129,Raw_Tariff_Ref!$I$2:$I$10,0)),0) | T129: =IF(G129="","",G129*F129) | U129: =IF(G129="","",G129*(1+S129)) | V129: =IF(U129="","",U129*F129) | W129: =IF(COUNTIF($A$2:A129,A129)=1,1,0)
A130: PO-1080 | B130: SUP-002 | C130: Network Switches | D130: 8517.62 | E130: 45855 | F130: 20 | G130: 5067.13 | H130: FOB | I130: Truck | J130: 45869 | K130: 45869 | L130: 3 | M130: N | N130: Delivered | O130: =IF(K130="",0,K130-E130) | P130: =IF(N130<>"Delivered","",IF(K130<=J130,1,0)) | Q130: =IFERROR(INDEX(Raw_Suppliers!$C$2:$C$4,MATCH(B130,Raw_Suppliers!$A$2:$A$4,0)),"") | R130: =Q130&"|"&D130 | S130: =IFERROR(INDEX(Raw_Tariff_Ref!$H$2:$H$10,MATCH(R130,Raw_Tariff_Ref!$I$2:$I$10,0)),0) | T130: =IF(G130="","",G130*F130) | U130: =IF(G130="","",G130*(1+S130)) | V130: =IF(U130="","",U130*F130) | W130: =IF(COUNTIF($A$2:A130,A130)=1,1,0)
A131: PO-1066 | B131: SUP-001 | C131: GPU Servers | D131: 8471.5 | E131: 45859 | F131: 10 | G131: 20209.04 | H131: DDP | I131: Truck | J131: 45865 | K131: 45864 | L131: 0 | M131: N | N131: Delivered | O131: =IF(K131="",0,K131-E131) | P131: =IF(N131<>"Delivered","",IF(K131<=J131,1,0)) | Q131: =IFERROR(INDEX(Raw_Suppliers!$C$2:$C$4,MATCH(B131,Raw_Suppliers!$A$2:$A$4,0)),"") | R131: =Q131&"|"&D131 | S131: =IFERROR(INDEX(Raw_Tariff_Ref!$H$2:$H$10,MATCH(R131,Raw_Tariff_Ref!$I$2:$I$10,0)),0) | T131: =IF(G131="","",G131*F131) | U131: =IF(G131="","",G131*(1+S131)) | V131: =IF(U131="","",U131*F131) | W131: =IF(COUNTIF($A$2:A131,A131)=1,1,0)
A132: PO-1144 | B132: SUP-002 | C132: GPU Servers | D132: 8471.5 | E132: 45861 | F132: 20 | G132: 16341.96 | H132: CIF | I132: Ocean | J132: 45875 | K132: 45875 | L132: 4 | M132: N | N132: Delivered | O132: =IF(K132="",0,K132-E132) | P132: =IF(N132<>"Delivered","",IF(K132<=J132,1,0)) | Q132: =IFERROR(INDEX(Raw_Suppliers!$C$2:$C$4,MATCH(B132,Raw_Suppliers!$A$2:$A$4,0)),"") | R132: =Q132&"|"&D132 | S132: =IFERROR(INDEX(Raw_Tariff_Ref!$H$2:$H$10,MATCH(R132,Raw_Tariff_Ref!$I$2:$I$10,0)),0) | T132: =IF(G132="","",G132*F132) | U132: =IF(G132="","",G132*(1+S132)) | V132: =IF(U132="","",U132*F132) | W132: =IF(COUNTIF($A$2:A132,A132)=1,1,0)
A133: PO-1299 | B133: SUP-002 | C133: GPU Servers | D133: 8471.5 | E133: 45863 | F133: 8 | G133: 17796.53 | H133: CIF | I133: Truck | J133: 45879 | K133: 45879 | L133: 2 | M133: N | N133: Delivered | O133: =IF(K133="",0,K133-E133) | P133: =IF(N133<>"Delivered","",IF(K133<=J133,1,0)) | Q133: =IFERROR(INDEX(Raw_Suppliers!$C$2:$C$4,MATCH(B133,Raw_Suppliers!$A$2:$A$4,0)),"") | R133: =Q133&"|"&D133 | S133: =IFERROR(INDEX(Raw_Tariff_Ref!$H$2:$H$10,MATCH(R133,Raw_Tariff_Ref!$I$2:$I$10,0)),0) | T133: =IF(G133="","",G133*F133) | U133: =IF(G133="","",G133*(1+S133)) | V133: =IF(U133="","",U133*F133) | W133: =IF(COUNTIF($A$2:A133,A133)=1,1,0)
A134: PO-1074 | B134: SUP-003 | C134: GPU Servers | D134: 8471.5 | E134: 45865 | F134: 8 | G134: 15840.94 | H134: FOB | I134: Ocean | J134: 45911 | K134: 45911 | L134: 4 | M134: N | N134: Delivered | O134: =IF(K134="",0,K134-E134) | P134: =IF(N134<>"Delivered","",IF(K134<=J134,1,0)) | Q134: =IFERROR(INDEX(Raw_Suppliers!$C$2:$C$4,MATCH(B134,Raw_Suppliers!$A$2:$A$4,0)),"") | R134: =Q134&"|"&D134 | S134: =IFERROR(INDEX(Raw_Tariff_Ref!$H$2:$H$10,MATCH(R134,Raw_Tariff_Ref!$I$2:$I$10,0)),0) | T134: =IF(G134="","",G134*F134) | U134: =IF(G134="","",G134*(1+S134)) | V134: =IF(U134="","",U134*F134) | W134: =IF(COUNTIF($A$2:A134,A134)=1,1,0)
A135: PO-1276 | B135: SUP-001 | C135: PDU / MEP Equipment | D135: 8537.1 | E135: 45870 | F135: 10 | G135: 2903.9 | H135: DDP | I135: Truck | J135: 45880 | K135: 45885 | L135: 1 | M135: N | N135: Delivered | O135: =IF(K135="",0,K135-E135) | P135: =IF(N135<>"Delivered","",IF(K135<=J135,1,0)) | Q135: =IFERROR(INDEX(Raw_Suppliers!$C$2:$C$4,MATCH(B135,Raw_Suppliers!$A$2:$A$4,0)),"") | R135: =Q135&"|"&D135 | S135: =IFERROR(INDEX(Raw_Tariff_Ref!$H$2:$H$10,MATCH(R135,Raw_Tariff_Ref!$I$2:$I$10,0)),0) | T135: =IF(G135="","",G135*F135) | U135: =IF(G135="","",G135*(1+S135)) | V135: =IF(U135="","",U135*F135) | W135: =IF(COUNTIF($A$2:A135,A135)=1,1,0)
A136: PO-1108 | B136: SUP-003 | C136: GPU Servers | D136: 8471.5 | E136: 45875 | F136: 12 | G136: 14147.71 | H136: CIF | I136: Ocean | J136: 45914 | K136: 45912 | L136: 7 | M136: N | N136: Delivered | O136: =IF(K136="",0,K136-E136) | P136: =IF(N136<>"Delivered","",IF(K136<=J136,1,0)) | Q136: =IFERROR(INDEX(Raw_Suppliers!$C$2:$C$4,MATCH(B136,Raw_Suppliers!$A$2:$A$4,0)),"") | R136: =Q136&"|"&D136 | S136: =IFERROR(INDEX(Raw_Tariff_Ref!$H$2:$H$10,MATCH(R136,Raw_Tariff_Ref!$I$2:$I$10,0)),0) | T136: =IF(G136="","",G136*F136) | U136: =IF(G136="","",G136*(1+S136)) | V136: =IF(U136="","",U136*F136) | W136: =IF(COUNTIF($A$2:A136,A136)=1,1,0)
A137: PO-1072 | B137: SUP-002 | C137: Network Switches | D137: 8517.62 | E137: 45875 | F137: 4 | G137: 3599.04 | H137: FOB | I137: Truck | J137: 45897 | K137: 45896 | L137: 2 | M137: N | N137: Delivered | O137: =IF(K137="",0,K137-E137) | P137: =IF(N137<>"Delivered","",IF(K137<=J137,1,0)) | Q137: =IFERROR(INDEX(Raw_Suppliers!$C$2:$C$4,MATCH(B137,Raw_Suppliers!$A$2:$A$4,0)),"") | R137: =Q137&"|"&D137 | S137: =IFERROR(INDEX(Raw_Tariff_Ref!$H$2:$H$10,MATCH(R137,Raw_Tariff_Ref!$I$2:$I$10,0)),0) | T137: =IF(G137="","",G137*F137) | U137: =IF(G137="","",G137*(1+S137)) | V137: =IF(U137="","",U137*F137) | W137: =IF(COUNTIF($A$2:A137,A137)=1,1,0)
A138: PO-1175 | B138: SUP-001 | C138: PDU / MEP Equipment | D138: 8537.1 | E138: 45878 | F138: 40 | G138: 3523.8 | H138: DDP | I138: Air | J138: 45892 | K138: 45891 | L138: 1 | M138: N | N138: Delivered | O138: =IF(K138="",0,K138-E138) | P138: =IF(N138<>"Delivered","",IF(K138<=J138,1,0)) | Q138: =IFERROR(INDEX(Raw_Suppliers!$C$2:$C$4,MATCH(B138,Raw_Suppliers!$A$2:$A$4,0)),"") | R138: =Q138&"|"&D138 | S138: =IFERROR(INDEX(Raw_Tariff_Ref!$H$2:$H$10,MATCH(R138,Raw_Tariff_Ref!$I$2:$I$10,0)),0) | T138: =IF(G138="","",G138*F138) | U138: =IF(G138="","",G138*(1+S138)) | V138: =IF(U138="","",U138*F138) | W138: =IF(COUNTIF($A$2:A138,A138)=1,1,0)
A139: PO-1337 | B139: SUP-001 | C139: gpu servers | D139: 8471.5 | E139: 45879 | F139: 2 | G139: 22245.43 | H139: DDP | I139: Truck | J139: 45884 | K139: 45882 | L139: 0 | M139: N | N139: Delivered | O139: =IF(K139="",0,K139-E139) | P139: =IF(N139<>"Delivered","",IF(K139<=J139,1,0)) | Q139: =IFERROR(INDEX(Raw_Suppliers!$C$2:$C$4,MATCH(B139,Raw_Suppliers!$A$2:$A$4,0)),"") | R139: =Q139&"|"&D139 | S139: =IFERROR(INDEX(Raw_Tariff_Ref!$H$2:$H$10,MATCH(R139,Raw_Tariff_Ref!$I$2:$I$10,0)),0) | T139: =IF(G139="","",G139*F139) | U139: =IF(G139="","",G139*(1+S139)) | V139: =IF(U139="","",U139*F139) | W139: =IF(COUNTIF($A$2:A139,A139)=1,1,0)
A140: PO-1015 | B140: SUP-001 | C140: PDU / MEP Equipment | D140: 8537.1 | E140: 45879 | F140: 10 | G140: 2524 | H140: DDP | I140: Air | J140: 45891 | K140: 45898 | L140: 1 | M140: N | N140: Delivered | O140: =IF(K140="",0,K140-E140) | P140: =IF(N140<>"Delivered","",IF(K140<=J140,1,0)) | Q140: =IFERROR(INDEX(Raw_Suppliers!$C$2:$C$4,MATCH(B140,Raw_Suppliers!$A$2:$A$4,0)),"") | R140: =Q140&"|"&D140 | S140: =IFERROR(INDEX(Raw_Tariff_Ref!$H$2:$H$10,MATCH(R140,Raw_Tariff_Ref!$I$2:$I$10,0)),0) | T140: =IF(G140="","",G140*F140) | U140: =IF(G140="","",G140*(1+S140)) | V140: =IF(U140="","",U140*F140) | W140: =IF(COUNTIF($A$2:A140,A140)=1,1,0)
... A233: PO-1152 | B233: SUP-001 | C233: GPU Servers | D233: 8471.5 | E233: 46024 | F233: 5 | G233: 21017.6 | H233: FOB | I233: Air | J233: 46042 | K233: 46041 | L233: 0 | M233: N | N233: Delivered | O233: =IF(K233="",0,K233-E233) | P233: =IF(N233<>"Delivered","",IF(K233<=J233,1,0)) | Q233: =IFERROR(INDEX(Raw_Suppliers!$C$2:$C$4,MATCH(B233,Raw_Suppliers!$A$2:$A$4,0)),"") | R233: =Q233&"|"&D233 | S233: =IFERROR(INDEX(Raw_Tariff_Ref!$H$2:$H$10,MATCH(R233,Raw_Tariff_Ref!$I$2:$I$10,0)),0) | T233: =IF(G233="","",G233*F233) | U233: =IF(G233="","",G233*(1+S233)) | V233: =IF(U233="","",U233*F233) | W233: =IF(COUNTIF($A$2:A233,A233)=1,1,0)
A234: PO-1033 | B234: SUP-002 | C234: Network Switches | D234: 8517.62 | E234: 46029 | F234: 4 | H234: CIF | I234: Truck | J234: 46049 | K234: 46047 | L234: 2 | M234: N | N234: Delivered | O234: =IF(K234="",0,K234-E234) | P234: =IF(N234<>"Delivered","",IF(K234<=J234,1,0)) | Q234: =IFERROR(INDEX(Raw_Suppliers!$C$2:$C$4,MATCH(B234,Raw_Suppliers!$A$2:$A$4,0)),"") | R234: =Q234&"|"&D234 | S234: =IFERROR(INDEX(Raw_Tariff_Ref!$H$2:$H$10,MATCH(R234,Raw_Tariff_Ref!$I$2:$I$10,0)),0) | T234: =IF(G234="","",G234*F234) | U234: =IF(G234="","",G234*(1+S234)) | V234: =IF(U234="","",U234*F234) | W234: =IF(COUNTIF($A$2:A234,A234)=1,1,0)
A235: PO-1106 | B235: SUP-003 | C235: GPU Servers | D235: 8471.5 | E235: 46030 | F235: 8 | G235: 15569.14 | H235: FOB | I235: Ocean | J235: 46064 | K235: 46063 | L235: 6 | M235: N | N235: Delivered | O235: =IF(K235="",0,K235-E235) | P235: =IF(N235<>"Delivered","",IF(K235<=J235,1,0)) | Q235: =IFERROR(INDEX(Raw_Suppliers!$C$2:$C$4,MATCH(B235,Raw_Suppliers!$A$2:$A$4,0)),"") | R235: =Q235&"|"&D235 | S235: =IFERROR(INDEX(Raw_Tariff_Ref!$H$2:$H$10,MATCH(R235,Raw_Tariff_Ref!$I$2:$I$10,0)),0) | T235: =IF(G235="","",G235*F235) | U235: =IF(G235="","",G235*(1+S235)) | V235: =IF(U235="","",U235*F235) | W235: =IF(COUNTIF($A$2:A235,A235)=1,1,0)
A236: PO-1162 | B236: SUP-001 | C236: PDU / MEP Equipment | D236: 8537.1 | E236: 46035 | F236: 5 | G236: 3155.96 | H236: FOB | I236: Air | J236: 46051 | K236: 46051 | L236: 0 | M236: N | N236: Delivered | O236: =IF(K236="",0,K236-E236) | P236: =IF(N236<>"Delivered","",IF(K236<=J236,1,0)) | Q236: =IFERROR(INDEX(Raw_Suppliers!$C$2:$C$4,MATCH(B236,Raw_Suppliers!$A$2:$A$4,0)),"") | R236: =Q236&"|"&D236 | S236: =IFERROR(INDEX(Raw_Tariff_Ref!$H$2:$H$10,MATCH(R236,Raw_Tariff_Ref!$I$2:$I$10,0)),0) | T236: =IF(G236="","",G236*F236) | U236: =IF(G236="","",G236*(1+S236)) | V236: =IF(U236="","",U236*F236) | W236: =IF(COUNTIF($A$2:A236,A236)=1,1,0)
A237: PO-1137 | B237: SUP-002 | C237: Network Switches | D237: 8517.62 | E237: 46035 | F237: 16 | G237: 4196.71 | H237: CIF | I237: Truck | J237: 46057 | K237: 46056 | L237: 3 | M237: N | N237: Delivered | O237: =IF(K237="",0,K237-E237) | P237: =IF(N237<>"Delivered","",IF(K237<=J237,1,0)) | Q237: =IFERROR(INDEX(Raw_Suppliers!$C$2:$C$4,MATCH(B237,Raw_Suppliers!$A$2:$A$4,0)),"") | R237: =Q237&"|"&D237 | S237: =IFERROR(INDEX(Raw_Tariff_Ref!$H$2:$H$10,MATCH(R237,Raw_Tariff_Ref!$I$2:$I$10,0)),0) | T237: =IF(G237="","",G237*F237) | U237: =IF(G237="","",G237*(1+S237)) | V237: =IF(U237="","",U237*F237) | W237: =IF(COUNTIF($A$2:A237,A237)=1,1,0)
A238: PO-1248 | B238: SUP-001 | C238: PDU / MEP Equipment | D238: 8537.1 | E238: 46036 | F238: 8 | G238: 3865.64 | H238: FOB | I238: Truck | J238: 46054 | K238: 46054 | L238: 1 | M238: N | N238: Delivered | O238: =IF(K238="",0,K238-E238) | P238: =IF(N238<>"Delivered","",IF(K238<=J238,1,0)) | Q238: =IFERROR(INDEX(Raw_Suppliers!$C$2:$C$4,MATCH(B238,Raw_Suppliers!$A$2:$A$4,0)),"") | R238: =Q238&"|"&D238 | S238: =IFERROR(INDEX(Raw_Tariff_Ref!$H$2:$H$10,MATCH(R238,Raw_Tariff_Ref!$I$2:$I$10,0)),0) | T238: =IF(G238="","",G238*F238) | U238: =IF(G238="","",G238*(1+S238)) | V238: =IF(U238="","",U238*F238) | W238: =IF(COUNTIF($A$2:A238,A238)=1,1,0)
A239: PO-1182 | B239: SUP-001 | C239: PDU / MEP Equipment | D239: 8537.1 | E239: 46037 | F239: 2 | G239: 3830.98 | H239: FOB | I239: Air | J239: 46050 | K239: 46049 | L239: 1 | M239: N | N239: Delivered | O239: =IF(K239="",0,K239-E239) | P239: =IF(N239<>"Delivered","",IF(K239<=J239,1,0)) | Q239: =IFERROR(INDEX(Raw_Suppliers!$C$2:$C$4,MATCH(B239,Raw_Suppliers!$A$2:$A$4,0)),"") | R239: =Q239&"|"&D239 | S239: =IFERROR(INDEX(Raw_Tariff_Ref!$H$2:$H$10,MATCH(R239,Raw_Tariff_Ref!$I$2:$I$10,0)),0) | T239: =IF(G239="","",G239*F239) | U239: =IF(G239="","",G239*(1+S239)) | V239: =IF(U239="","",U239*F239) | W239: =IF(COUNTIF($A$2:A239,A239)=1,1,0)
A240: PO-1259 | B240: SUP-002 | C240: Network Switches | D240: 8517.62 | E240: 46037 | F240: 4 | G240: 5158.07 | H240: CIF | I240: Ocean | J240: 46054 | K240: 46053 | L240: 4 | M240: N | N240: Delivered | O240: =IF(K240="",0,K240-E240) | P240: =IF(N240<>"Delivered","",IF(K240<=J240,1,0)) | Q240: =IFERROR(INDEX(Raw_Suppliers!$C$2:$C$4,MATCH(B240,Raw_Suppliers!$A$2:$A$4,0)),"") | R240: =Q240&"|"&D240 | S240: =IFERROR(INDEX(Raw_Tariff_Ref!$H$2:$H$10,MATCH(R240,Raw_Tariff_Ref!$I$2:$I$10,0)),0) | T240: =IF(G240="","",G240*F240) | U240: =IF(G240="","",G240*(1+S240)) | V240: =IF(U240="","",U240*F240) | W240: =IF(COUNTIF($A$2:A240,A240)=1,1,0)
A241: PO-1184 | B241: SUP-003 | C241: Network Switches | D241: 8517.62 | E241: 46037 | F241: 40 | G241: 2054.69 | H241: CIF | I241: Ocean | J241: 46078 | K241: 46092 | L241: 3 | M241: N | N241: Delivered | O241: =IF(K241="",0,K241-E241) | P241: =IF(N241<>"Delivered","",IF(K241<=J241,1,0)) | Q241: =IFERROR(INDEX(Raw_Suppliers!$C$2:$C$4,MATCH(B241,Raw_Suppliers!$A$2:$A$4,0)),"") | R241: =Q241&"|"&D241 | S241: =IFERROR(INDEX(Raw_Tariff_Ref!$H$2:$H$10,MATCH(R241,Raw_Tariff_Ref!$I$2:$I$10,0)),0) | T241: =IF(G241="","",G241*F241) | U241: =IF(G241="","",G241*(1+S241)) | V241: =IF(U241="","",U241*F241) | W241: =IF(COUNTIF($A$2:A241,A241)=1,1,0)
A242: PO-1163 | B242: SUP-001 | C242: GPU Servers | D242: 8471.5 | E242: 46038 | F242: 2 | G242: 23638.94 | H242: DDP | I242: Air | J242: 46045 | K242: 46045 | L242: 1 | M242: N | N242: Delivered | O242: =IF(K242="",0,K242-E242) | P242: =IF(N242<>"Delivered","",IF(K242<=J242,1,0)) | Q242: =IFERROR(INDEX(Raw_Suppliers!$C$2:$C$4,MATCH(B242,Raw_Suppliers!$A$2:$A$4,0)),"") | R242: =Q242&"|"&D242 | S242: =IFERROR(INDEX(Raw_Tariff_Ref!$H$2:$H$10,MATCH(R242,Raw_Tariff_Ref!$I$2:$I$10,0)),0) | T242: =IF(G242="","",G242*F242) | U242: =IF(G242="","",G242*(1+S242)) | V242: =IF(U242="","",U242*F242) | W242: =IF(COUNTIF($A$2:A242,A242)=1,1,0)
A243: PO-1204 | B243: SUP-003 | C243: Network Switches | D243: 8517.62 | E243: 46039 | F243: 5 | G243: 3119.2 | H243: FOB | I243: Air | J243: 46059 | K243: 46057 | L243: 9 | M243: N | N243: Delivered | O243: =IF(K243="",0,K243-E243) | P243: =IF(N243<>"Delivered","",IF(K243<=J243,1,0)) | Q243: =IFERROR(INDEX(Raw_Suppliers!$C$2:$C$4,MATCH(B243,Raw_Suppliers!$A$2:$A$4,0)),"") | R243: =Q243&"|"&D243 | S243: =IFERROR(INDEX(Raw_Tariff_Ref!$H$2:$H$10,MATCH(R243,Raw_Tariff_Ref!$I$2:$I$10,0)),0) | T243: =IF(G243="","",G243*F243) | U243: =IF(G243="","",G243*(1+S243)) | V243: =IF(U243="","",U243*F243) | W243: =IF(COUNTIF($A$2:A243,A243)=1,1,0)
A244: PO-1298 | B244: SUP-002 | C244: Network Switches | D244: 8517.62 | E244: 46040 | F244: 10 | G244: 3491.79 | H244: FOB | I244: Ocean | J244: 46055 | K244: 46055 | L244: 3 | M244: N | N244: Delivered | O244: =IF(K244="",0,K244-E244) | P244: =IF(N244<>"Delivered","",IF(K244<=J244,1,0)) | Q244: =IFERROR(INDEX(Raw_Suppliers!$C$2:$C$4,MATCH(B244,Raw_Suppliers!$A$2:$A$4,0)),"") | R244: =Q244&"|"&D244 | S244: =IFERROR(INDEX(Raw_Tariff_Ref!$H$2:$H$10,MATCH(R244,Raw_Tariff_Ref!$I$2:$I$10,0)),0) | T244: =IF(G244="","",G244*F244) | U244: =IF(G244="","",G244*(1+S244)) | V244: =IF(U244="","",U244*F244) | W244: =IF(COUNTIF($A$2:A244,A244)=1,1,0)
A245: PO-1101 | B245: SUP-002 | C245: GPU Servers | D245: 8471.5 | E245: 46040 | F245: 10 | H245: CIF | I245: Truck | J245: 46059 | K245: 46059 | L245: 2 | M245: N | N245: Delivered | O245: =IF(K245="",0,K245-E245) | P245: =IF(N245<>"Delivered","",IF(K245<=J245,1,0)) | Q245: =IFERROR(INDEX(Raw_Suppliers!$C$2:$C$4,MATCH(B245,Raw_Suppliers!$A$2:$A$4,0)),"") | R245: =Q245&"|"&D245 | S245: =IFERROR(INDEX(Raw_Tariff_Ref!$H$2:$H$10,MATCH(R245,Raw_Tariff_Ref!$I$2:$I$10,0)),0) | T245: =IF(G245="","",G245*F245) | U245: =IF(G245="","",G245*(1+S245)) | V245: =IF(U245="","",U245*F245) | W245: =IF(COUNTIF($A$2:A245,A245)=1,1,0)
A246: PO-1148 | B246: SUP-002 | C246: Network Switches | D246: 8517.62 | E246: 46046 | F246: 4 | G246: 4253.38 | H246: CIF | I246: Truck | J246: 46062 | K246: 46061 | L246: 2 | M246: N | N246: Delivered | O246: =IF(K246="",0,K246-E246) | P246: =IF(N246<>"Delivered","",IF(K246<=J246,1,0)) | Q246: =IFERROR(INDEX(Raw_Suppliers!$C$2:$C$4,MATCH(B246,Raw_Suppliers!$A$2:$A$4,0)),"") | R246: =Q246&"|"&D246 | S246: =IFERROR(INDEX(Raw_Tariff_Ref!$H$2:$H$10,MATCH(R246,Raw_Tariff_Ref!$I$2:$I$10,0)),0) | T246: =IF(G246="","",G246*F246) | U246: =IF(G246="","",G246*(1+S246)) | V246: =IF(U246="","",U246*F246) | W246: =IF(COUNTIF($A$2:A246,A246)=1,1,0)
A247: PO-1328 | B247: SUP-001 | C247: GPU Servers | D247: 8471.5 | E247: 46047 | F247: 25 | G247: 22491.18 | H247: FOB | I247: Air | J247: 46060 | K247: 46058 | L247: 1 | M247: N | N247: Delivered | O247: =IF(K247="",0,K247-E247) | P247: =IF(N247<>"Delivered","",IF(K247<=J247,1,0)) | Q247: =IFERROR(INDEX(Raw_Suppliers!$C$2:$C$4,MATCH(B247,Raw_Suppliers!$A$2:$A$4,0)),"") | R247: =Q247&"|"&D247 | S247: =IFERROR(INDEX(Raw_Tariff_Ref!$H$2:$H$10,MATCH(R247,Raw_Tariff_Ref!$I$2:$I$10,0)),0) | T247: =IF(G247="","",G247*F247) | U247: =IF(G247="","",G247*(1+S247)) | V247: =IF(U247="","",U247*F247) | W247: =IF(COUNTIF($A$2:A247,A247)=1,1,0)
A248: PO-1218 | B248: SUP-002 | C248: GPU Servers | D248: 8471.5 | E248: 46048 | F248: 20 | G248: 19724.63 | H248: FOB | I248: Ocean | J248: 46066 | K248: 46066 | L248: 2 | M248: N | N248: Delivered | O248: =IF(K248="",0,K248-E248) | P248: =IF(N248<>"Delivered","",IF(K248<=J248,1,0)) | Q248: =IFERROR(INDEX(Raw_Suppliers!$C$2:$C$4,MATCH(B248,Raw_Suppliers!$A$2:$A$4,0)),"") | R248: =Q248&"|"&D248 | S248: =IFERROR(INDEX(Raw_Tariff_Ref!$H$2:$H$10,MATCH(R248,Raw_Tariff_Ref!$I$2:$I$10,0)),0) | T248: =IF(G248="","",G248*F248) | U248: =IF(G248="","",G248*(1+S248)) | V248: =IF(U248="","",U248*F248) | W248: =IF(COUNTIF($A$2:A248,A248)=1,1,0)
A249: PO-1322 | B249: SUP-003 | C249: PDU / MEP Equipment | D249: 8537.1 | E249: 46050 | F249: 10 | G249: 2526.01 | H249: CIF | I249: Ocean | J249: 46087 | K249: 46087 | L249: 12 | M249: N | N249: Delivered | O249: =IF(K249="",0,K249-E249) | P249: =IF(N249<>"Delivered","",IF(K249<=J249,1,0)) | Q249: =IFERROR(INDEX(Raw_Suppliers!$C$2:$C$4,MATCH(B249,Raw_Suppliers!$A$2:$A$4,0)),"") | R249: =Q249&"|"&D249 | S249: =IFERROR(INDEX(Raw_Tariff_Ref!$H$2:$H$10,MATCH(R249,Raw_Tariff_Ref!$I$2:$I$10,0)),0) | T249: =IF(G249="","",G249*F249) | U249: =IF(G249="","",G249*(1+S249)) | V249: =IF(U249="","",U249*F249) | W249: =IF(COUNTIF($A$2:A249,A249)=1,1,0)
A250: PO-1226 | B250: SUP-001 | C250: GPU Servers | D250: 8471.5 | E250: 46051 | F250: 20 | G250: 20357.17 | H250: DDP | I250: Air | J250: 46064 | K250: 46062 | L250: 1 | M250: N | N250: Delivered | O250: =IF(K250="",0,K250-E250) | P250: =IF(N250<>"Delivered","",IF(K250<=J250,1,0)) | Q250: =IFERROR(INDEX(Raw_Suppliers!$C$2:$C$4,MATCH(B250,Raw_Suppliers!$A$2:$A$4,0)),"") | R250: =Q250&"|"&D250 | S250: =IFERROR(INDEX(Raw_Tariff_Ref!$H$2:$H$10,MATCH(R250,Raw_Tariff_Ref!$I$2:$I$10,0)),0) | T250: =IF(G250="","",G250*F250) | U250: =IF(G250="","",G250*(1+S250)) | V250: =IF(U250="","",U250*F250) | W250: =IF(COUNTIF($A$2:A250,A250)=1,1,0)
A251: PO-1022 | B251: SUP-003 | C251: PDU / MEP Equipment | D251: 8537.1 | E251: 46051 | F251: 10 | G251: 2563.5 | H251: FOB | I251: Air | J251: 46073 | K251: 46072 | L251: 9 | M251: N | N251: Delivered | O251: =IF(K251="",0,K251-E251) | P251: =IF(N251<>"Delivered","",IF(K251<=J251,1,0)) | Q251: =IFERROR(INDEX(Raw_Suppliers!$C$2:$C$4,MATCH(B251,Raw_Suppliers!$A$2:$A$4,0)),"") | R251: =Q251&"|"&D251 | S251: =IFERROR(INDEX(Raw_Tariff_Ref!$H$2:$H$10,MATCH(R251,Raw_Tariff_Ref!$I$2:$I$10,0)),0) | T251: =IF(G251="","",G251*F251) | U251: =IF(G251="","",G251*(1+S251)) | V251: =IF(U251="","",U251*F251) | W251: =IF(COUNTIF($A$2:A251,A251)=1,1,0)
A252: PO-1089 | B252: SUP-003 | C252: Network Switches | D252: 8517.62 | E252: 46052 | F252: 25 | G252: 2423.81 | H252: EXW | I252: Ocean | J252: 46093 | K252: 46126 | L252: 7 | M252: Y | N252: Delivered | O252: =IF(K252="",0,K252-E252) | P252: =IF(N252<>"Delivered","",IF(K252<=J252,1,0)) | Q252: =IFERROR(INDEX(Raw_Suppliers!$C$2:$C$4,MATCH(B252,Raw_Suppliers!$A$2:$A$4,0)),"") | R252: =Q252&"|"&D252 | S252: =IFERROR(INDEX(Raw_Tariff_Ref!$H$2:$H$10,MATCH(R252,Raw_Tariff_Ref!$I$2:$I$10,0)),0) | T252: =IF(G252="","",G252*F252) | U252: =IF(G252="","",G252*(1+S252)) | V252: =IF(U252="","",U252*F252) | W252: =IF(COUNTIF($A$2:A252,A252)=1,1,0)
A253: PO-1035 | B253: SUP-001 | C253: GPU Servers | D253: 8471.5 | E253: 46054 | F253: 8 | G253: 18944.27 | H253: DDP | I253: Air | J253: 46068 | K253: 46067 | L253: 1 | M253: N | N253: Delivered | O253: =IF(K253="",0,K253-E253) | P253: =IF(N253<>"Delivered","",IF(K253<=J253,1,0)) | Q253: =IFERROR(INDEX(Raw_Suppliers!$C$2:$C$4,MATCH(B253,Raw_Suppliers!$A$2:$A$4,0)),"") | R253: =Q253&"|"&D253 | S253: =IFERROR(INDEX(Raw_Tariff_Ref!$H$2:$H$10,MATCH(R253,Raw_Tariff_Ref!$I$2:$I$10,0)),0) | T253: =IF(G253="","",G253*F253) | U253: =IF(G253="","",G253*(1+S253)) | V253: =IF(U253="","",U253*F253) | W253: =IF(COUNTIF($A$2:A253,A253)=1,1,0)
A254: PO-1138 | B254: SUP-001 | C254: GPU Servers | D254: 8471.5 | E254: 46058 | F254: 40 | G254: 22237.34 | H254: DDP | I254: Truck | J254: 46067 | K254: 46067 | L254: 0 | M254: N | N254: Delivered | O254: =IF(K254="",0,K254-E254) | P254: =IF(N254<>"Delivered","",IF(K254<=J254,1,0)) | Q254: =IFERROR(INDEX(Raw_Suppliers!$C$2:$C$4,MATCH(B254,Raw_Suppliers!$A$2:$A$4,0)),"") | R254: =Q254&"|"&D254 | S254: =IFERROR(INDEX(Raw_Tariff_Ref!$H$2:$H$10,MATCH(R254,Raw_Tariff_Ref!$I$2:$I$10,0)),0) | T254: =IF(G254="","",G254*F254) | U254: =IF(G254="","",G254*(1+S254)) | V254: =IF(U254="","",U254*F254) | W254: =IF(COUNTIF($A$2:A254,A254)=1,1,0)
A255: PO-1286 | B255: SUP-003 | C255: PDU / MEP Equipment | D255: 8537.1 | E255: 46059 | F255: 16 | G255: 1543.71 | H255: CIF | I255: Ocean | J255: 46087 | K255: 46125 | L255: 10 | M255: N | N255: Delivered | O255: =IF(K255="",0,K255-E255) | P255: =IF(N255<>"Delivered","",IF(K255<=J255,1,0)) | Q255: =IFERROR(INDEX(Raw_Suppliers!$C$2:$C$4,MATCH(B255,Raw_Suppliers!$A$2:$A$4,0)),"") | R255: =Q255&"|"&D255 | S255: =IFERROR(INDEX(Raw_Tariff_Ref!$H$2:$H$10,MATCH(R255,Raw_Tariff_Ref!$I$2:$I$10,0)),0) | T255: =IF(G255="","",G255*F255) | U255: =IF(G255="","",G255*(1+S255)) | V255: =IF(U255="","",U255*F255) | W255: =IF(COUNTIF($A$2:A255,A255)=1,1,0)
A256: PO-1240 | B256: SUP-002 | C256: Network Switches | D256: 8517.62 | E256: 46061 | F256: 4 | G256: 4046.14 | H256: CIF | I256: Ocean | J256: 46077 | K256: 46075 | L256: 3 | M256: Y | N256: Delivered | O256: =IF(K256="",0,K256-E256) | P256: =IF(N256<>"Delivered","",IF(K256<=J256,1,0)) | Q256: =IFERROR(INDEX(Raw_Suppliers!$C$2:$C$4,MATCH(B256,Raw_Suppliers!$A$2:$A$4,0)),"") | R256: =Q256&"|"&D256 | S256: =IFERROR(INDEX(Raw_Tariff_Ref!$H$2:$H$10,MATCH(R256,Raw_Tariff_Ref!$I$2:$I$10,0)),0) | T256: =IF(G256="","",G256*F256) | U256: =IF(G256="","",G256*(1+S256)) | V256: =IF(U256="","",U256*F256) | W256: =IF(COUNTIF($A$2:A256,A256)=1,1,0)
A257: PO-1050 | B257: SUP-001 | C257: PDU / MEP Equipment | D257: 8537.1 | E257: 46061 | F257: 2 | G257: 3966.43 | H257: DDP | I257: Air | J257: 46070 | K257: 46089 | L257: 0 | M257: N | N257: Delivered | O257: =IF(K257="",0,K257-E257) | P257: =IF(N257<>"Delivered","",IF(K257<=J257,1,0)) | Q257: =IFERROR(INDEX(Raw_Suppliers!$C$2:$C$4,MATCH(B257,Raw_Suppliers!$A$2:$A$4,0)),"") | R257: =Q257&"|"&D257 | S257: =IFERROR(INDEX(Raw_Tariff_Ref!$H$2:$H$10,MATCH(R257,Raw_Tariff_Ref!$I$2:$I$10,0)),0) | T257: =IF(G257="","",G257*F257) | U257: =IF(G257="","",G257*(1+S257)) | V257: =IF(U257="","",U257*F257) | W257: =IF(COUNTIF($A$2:A257,A257)=1,1,0)
... A332: PO-1336 | B332: SUP-001 | C332: GPU Servers | D332: 8471.5 | E332: 46177 | F332: 40 | G332: 23938.83 | H332: FOB | I332: Truck | J332: 46191 | K332: 46191 | L332: 1 | M332: N | N332: Delivered | O332: =IF(K332="",0,K332-E332) | P332: =IF(N332<>"Delivered","",IF(K332<=J332,1,0)) | Q332: =IFERROR(INDEX(Raw_Suppliers!$C$2:$C$4,MATCH(B332,Raw_Suppliers!$A$2:$A$4,0)),"") | R332: =Q332&"|"&D332 | S332: =IFERROR(INDEX(Raw_Tariff_Ref!$H$2:$H$10,MATCH(R332,Raw_Tariff_Ref!$I$2:$I$10,0)),0) | T332: =IF(G332="","",G332*F332) | U332: =IF(G332="","",G332*(1+S332)) | V332: =IF(U332="","",U332*F332) | W332: =IF(COUNTIF($A$2:A332,A332)=1,1,0)
A333: PO-1153 | B333: SUP-003 | C333: GPU Servers | D333: 8471.5 | E333: 46182 | F333: 25 | G333: 13989.11 | H333: FOB | I333: Ocean | J333: 46225 | L333: 9 | M333: N | N333: In Transit | O333: =IF(K333="",0,K333-E333) | P333: =IF(N333<>"Delivered","",IF(K333<=J333,1,0)) | Q333: =IFERROR(INDEX(Raw_Suppliers!$C$2:$C$4,MATCH(B333,Raw_Suppliers!$A$2:$A$4,0)),"") | R333: =Q333&"|"&D333 | S333: =IFERROR(INDEX(Raw_Tariff_Ref!$H$2:$H$10,MATCH(R333,Raw_Tariff_Ref!$I$2:$I$10,0)),0) | T333: =IF(G333="","",G333*F333) | U333: =IF(G333="","",G333*(1+S333)) | V333: =IF(U333="","",U333*F333) | W333: =IF(COUNTIF($A$2:A333,A333)=1,1,0)
A334: PO-1111 | B334: SUP-002 | C334: GPU Servers | D334: 8471.5 | E334: 46188 | F334: 25 | G334: 21542 | H334: FOB | I334: Ocean | J334: 46207 | L334: 4 | M334: N | N334: In Transit | O334: =IF(K334="",0,K334-E334) | P334: =IF(N334<>"Delivered","",IF(K334<=J334,1,0)) | Q334: =IFERROR(INDEX(Raw_Suppliers!$C$2:$C$4,MATCH(B334,Raw_Suppliers!$A$2:$A$4,0)),"") | R334: =Q334&"|"&D334 | S334: =IFERROR(INDEX(Raw_Tariff_Ref!$H$2:$H$10,MATCH(R334,Raw_Tariff_Ref!$I$2:$I$10,0)),0) | T334: =IF(G334="","",G334*F334) | U334: =IF(G334="","",G334*(1+S334)) | V334: =IF(U334="","",U334*F334) | W334: =IF(COUNTIF($A$2:A334,A334)=1,1,0)
A335: PO-1157 | B335: SUP-002 | C335: GPU Servers | D335: 8471.5 | E335: 46190 | F335: 20 | G335: 16747.87 | H335: fob | I335: Ocean | J335: 46211 | L335: 3 | M335: N | N335: In Transit | O335: =IF(K335="",0,K335-E335) | P335: =IF(N335<>"Delivered","",IF(K335<=J335,1,0)) | Q335: =IFERROR(INDEX(Raw_Suppliers!$C$2:$C$4,MATCH(B335,Raw_Suppliers!$A$2:$A$4,0)),"") | R335: =Q335&"|"&D335 | S335: =IFERROR(INDEX(Raw_Tariff_Ref!$H$2:$H$10,MATCH(R335,Raw_Tariff_Ref!$I$2:$I$10,0)),0) | T335: =IF(G335="","",G335*F335) | U335: =IF(G335="","",G335*(1+S335)) | V335: =IF(U335="","",U335*F335) | W335: =IF(COUNTIF($A$2:A335,A335)=1,1,0)
A336: PO-1165 | B336: SUP-003 | C336: Network Switches | D336: 8517.62 | E336: 46193 | F336: 4 | G336: 2863.63 | H336: FOB | I336: Air | J336: 46231 | L336: 6 | M336: N | N336: In Transit | O336: =IF(K336="",0,K336-E336) | P336: =IF(N336<>"Delivered","",IF(K336<=J336,1,0)) | Q336: =IFERROR(INDEX(Raw_Suppliers!$C$2:$C$4,MATCH(B336,Raw_Suppliers!$A$2:$A$4,0)),"") | R336: =Q336&"|"&D336 | S336: =IFERROR(INDEX(Raw_Tariff_Ref!$H$2:$H$10,MATCH(R336,Raw_Tariff_Ref!$I$2:$I$10,0)),0) | T336: =IF(G336="","",G336*F336) | U336: =IF(G336="","",G336*(1+S336)) | V336: =IF(U336="","",U336*F336) | W336: =IF(COUNTIF($A$2:A336,A336)=1,1,0)
A337: PO-1039 | B337: SUP-003 | C337: PDU / MEP Equipment | D337: 8537.1 | E337: 46195 | F337: 8 | G337: 1790.22 | H337: EXW | I337: Air | J337: 46227 | L337: 12 | M337: N | N337: In Transit | O337: =IF(K337="",0,K337-E337) | P337: =IF(N337<>"Delivered","",IF(K337<=J337,1,0)) | Q337: =IFERROR(INDEX(Raw_Suppliers!$C$2:$C$4,MATCH(B337,Raw_Suppliers!$A$2:$A$4,0)),"") | R337: =Q337&"|"&D337 | S337: =IFERROR(INDEX(Raw_Tariff_Ref!$H$2:$H$10,MATCH(R337,Raw_Tariff_Ref!$I$2:$I$10,0)),0) | T337: =IF(G337="","",G337*F337) | U337: =IF(G337="","",G337*(1+S337)) | V337: =IF(U337="","",U337*F337) | W337: =IF(COUNTIF($A$2:A337,A337)=1,1,0)
A338: PO-1026 | B338: SUP-003 | C338: GPU Servers | D338: 8471.5 | E338: 46198 | F338: 8 | G338: 14665.65 | H338: FOB | I338: Ocean | J338: 46230 | L338: 7 | M338: N | N338: In Transit | O338: =IF(K338="",0,K338-E338) | P338: =IF(N338<>"Delivered","",IF(K338<=J338,1,0)) | Q338: =IFERROR(INDEX(Raw_Suppliers!$C$2:$C$4,MATCH(B338,Raw_Suppliers!$A$2:$A$4,0)),"") | R338: =Q338&"|"&D338 | S338: =IFERROR(INDEX(Raw_Tariff_Ref!$H$2:$H$10,MATCH(R338,Raw_Tariff_Ref!$I$2:$I$10,0)),0) | T338: =IF(G338="","",G338*F338) | U338: =IF(G338="","",G338*(1+S338)) | V338: =IF(U338="","",U338*F338) | W338: =IF(COUNTIF($A$2:A338,A338)=1,1,0)
A339: PO-1339 | B339: SUP-002 | C339: Network Switches | D339: 8517.62 | E339: 46198 | F339: 16 | G339: 4767.45 | H339: FOB | I339: Truck | J339: 46220 | L339: 1 | M339: N | N339: In Transit | O339: =IF(K339="",0,K339-E339) | P339: =IF(N339<>"Delivered","",IF(K339<=J339,1,0)) | Q339: =IFERROR(INDEX(Raw_Suppliers!$C$2:$C$4,MATCH(B339,Raw_Suppliers!$A$2:$A$4,0)),"") | R339: =Q339&"|"&D339 | S339: =IFERROR(INDEX(Raw_Tariff_Ref!$H$2:$H$10,MATCH(R339,Raw_Tariff_Ref!$I$2:$I$10,0)),0) | T339: =IF(G339="","",G339*F339) | U339: =IF(G339="","",G339*(1+S339)) | V339: =IF(U339="","",U339*F339) | W339: =IF(COUNTIF($A$2:A339,A339)=1,1,0)
A340: PO-1071 | B340: SUP-002 | C340: Network Switches | D340: 8517.62 | E340: 46198 | F340: 10 | G340: 4127.85 | H340: CIF | I340: Ocean | J340: 46217 | L340: 1 | M340: N | N340: In Transit | O340: =IF(K340="",0,K340-E340) | P340: =IF(N340<>"Delivered","",IF(K340<=J340,1,0)) | Q340: =IFERROR(INDEX(Raw_Suppliers!$C$2:$C$4,MATCH(B340,Raw_Suppliers!$A$2:$A$4,0)),"") | R340: =Q340&"|"&D340 | S340: =IFERROR(INDEX(Raw_Tariff_Ref!$H$2:$H$10,MATCH(R340,Raw_Tariff_Ref!$I$2:$I$10,0)),0) | T340: =IF(G340="","",G340*F340) | U340: =IF(G340="","",G340*(1+S340)) | V340: =IF(U340="","",U340*F340) | W340: =IF(COUNTIF($A$2:A340,A340)=1,1,0)
A341: PO-1335 | B341: SUP-002 | C341: GPU Servers | D341: 8471.5 | E341: 46198 | F341: 20 | G341: 21237.62 | H341: FOB | I341: Ocean | J341: 46222 | L341: 3 | M341: N | N341: In Transit | O341: =IF(K341="",0,K341-E341) | P341: =IF(N341<>"Delivered","",IF(K341<=J341,1,0)) | Q341: =IFERROR(INDEX(Raw_Suppliers!$C$2:$C$4,MATCH(B341,Raw_Suppliers!$A$2:$A$4,0)),"") | R341: =Q341&"|"&D341 | S341: =IFERROR(INDEX(Raw_Tariff_Ref!$H$2:$H$10,MATCH(R341,Raw_Tariff_Ref!$I$2:$I$10,0)),0) | T341: =IF(G341="","",G341*F341) | U341: =IF(G341="","",G341*(1+S341)) | V341: =IF(U341="","",U341*F341) | W341: =IF(COUNTIF($A$2:A341,A341)=1,1,0)
A342: PO-1293 | B342: SUP-003 | C342: Network Switches | D342: 8517.62 | E342: 46199 | F342: 40 | G342: 2444.62 | H342: FOB | I342: Air | J342: 46231 | L342: 11 | M342: N | N342: In Transit | O342: =IF(K342="",0,K342-E342) | P342: =IF(N342<>"Delivered","",IF(K342<=J342,1,0)) | Q342: =IFERROR(INDEX(Raw_Suppliers!$C$2:$C$4,MATCH(B342,Raw_Suppliers!$A$2:$A$4,0)),"") | R342: =Q342&"|"&D342 | S342: =IFERROR(INDEX(Raw_Tariff_Ref!$H$2:$H$10,MATCH(R342,Raw_Tariff_Ref!$I$2:$I$10,0)),0) | T342: =IF(G342="","",G342*F342) | U342: =IF(G342="","",G342*(1+S342)) | V342: =IF(U342="","",U342*F342) | W342: =IF(COUNTIF($A$2:A342,A342)=1,1,0)
A343: PO-1199 | B343: SUP-003 | C343: GPU Servers | D343: 8471.5 | E343: 46199 | F343: 25 | G343: 13285.39 | H343: EXW | I343: Ocean | J343: 46227 | L343: 8 | M343: N | N343: In Transit | O343: =IF(K343="",0,K343-E343) | P343: =IF(N343<>"Delivered","",IF(K343<=J343,1,0)) | Q343: =IFERROR(INDEX(Raw_Suppliers!$C$2:$C$4,MATCH(B343,Raw_Suppliers!$A$2:$A$4,0)),"") | R343: =Q343&"|"&D343 | S343: =IFERROR(INDEX(Raw_Tariff_Ref!$H$2:$H$10,MATCH(R343,Raw_Tariff_Ref!$I$2:$I$10,0)),0) | T343: =IF(G343="","",G343*F343) | U343: =IF(G343="","",G343*(1+S343)) | V343: =IF(U343="","",U343*F343) | W343: =IF(COUNTIF($A$2:A343,A343)=1,1,0)
A344: PO-1188 | B344: SUP-002 | C344: Network Switches | D344: 8517.62 | E344: 46199 | F344: 16 | G344: 5096.28 | H344: FOB | I344: truck | J344: 46218 | L344: 1 | M344: N | N344: In Transit | O344: =IF(K344="",0,K344-E344) | P344: =IF(N344<>"Delivered","",IF(K344<=J344,1,0)) | Q344: =IFERROR(INDEX(Raw_Suppliers!$C$2:$C$4,MATCH(B344,Raw_Suppliers!$A$2:$A$4,0)),"") | R344: =Q344&"|"&D344 | S344: =IFERROR(INDEX(Raw_Tariff_Ref!$H$2:$H$10,MATCH(R344,Raw_Tariff_Ref!$I$2:$I$10,0)),0) | T344: =IF(G344="","",G344*F344) | U344: =IF(G344="","",G344*(1+S344)) | V344: =IF(U344="","",U344*F344) | W344: =IF(COUNTIF($A$2:A344,A344)=1,1,0)
A345: PO-1170 | B345: SUP-002 | C345: GPU Servers | D345: 8471.5 | E345: 46201 | F345: 40 | G345: 21582.67 | H345: CIF | I345: Truck | J345: 46218 | L345: 4 | M345: N | N345: In Transit | O345: =IF(K345="",0,K345-E345) | P345: =IF(N345<>"Delivered","",IF(K345<=J345,1,0)) | Q345: =IFERROR(INDEX(Raw_Suppliers!$C$2:$C$4,MATCH(B345,Raw_Suppliers!$A$2:$A$4,0)),"") | R345: =Q345&"|"&D345 | S345: =IFERROR(INDEX(Raw_Tariff_Ref!$H$2:$H$10,MATCH(R345,Raw_Tariff_Ref!$I$2:$I$10,0)),0) | T345: =IF(G345="","",G345*F345) | U345: =IF(G345="","",G345*(1+S345)) | V345: =IF(U345="","",U345*F345) | W345: =IF(COUNTIF($A$2:A345,A345)=1,1,0)

Sheet Raw_Tariff_Ref
A1: Country | B1: HS_Code | C1: Product_Category | D1: Base_MFN_Rate | E1: Section_301_Rate | F1: Section_122_Surcharge | G1: USMCA_Qualifying | H1: Base_Effective_Rate | I1: Key
A2: United States | B2: 8471.5 | C2: GPU Servers | D2: 0 | E2: 0 | F2: 0 | H2: 0 | I2: =A2&"|"&B2
A3: United States | B3: 8517.62 | C3: Network Switches | D3: 0 | E3: 0 | F3: 0 | H3: 0 | I3: =A3&"|"&B3
A4: United States | B4: 8537.1 | C4: PDU / MEP Equipment | D4: 0 | E4: 0 | F4: 0 | H4: 0 | I4: =A4&"|"&B4
A5: Mexico | B5: 8471.5 | C5: GPU Servers | D5: 0 | E5: 0 | F5: 0 | G5: Y | H5: 0 | I5: =A5&"|"&B5
A6: Mexico | B6: 8517.62 | C6: Network Switches | D6: 0 | E6: 0 | F6: 0 | G6: Y | H6: 0 | I6: =A6&"|"&B6
A7: Mexico | B7: 8537.1 | C7: PDU / MEP Equipment | D7: 0.025 | E7: 0 | F7: 0 | G7: N | H7: 0.025 | I7: =A7&"|"&B7
A8: China | B8: 8471.5 | C8: GPU Servers | D8: 0 | E8: 0.25 | F8: 0.1 | H8: 0.35 | I8: =A8&"|"&B8
A9: China | B9: 8517.62 | C9: Network Switches | D9: 0 | E9: 0.25 | F9: 0.1 | H9: 0.35 | I9: =A9&"|"&B9
A10: China | B10: 8537.1 | C10: PDU / MEP Equipment | D10: 0 | E10: 0.25 | F10: 0.1 | H10: 0.35 | I10: =A10&"|"&B10

Sheet Raw_Tariff_Scenarios
A1: Scenario_Name | B1: Adjustment_Type | C1: Adjustment_Value | D1: Description
A2: Current (Jul 2026) | B2: Additive | C2: 0 | D2: Baseline tariff rates: China ~35%, Mexico ~0%, US 0%
A3: +10% escalation | B3: Additive | C3: 0.1 | D3: Moderate trade tension escalation (+10% tariff on offshore/nearshore non-US origins)
A4: +25% escalation | B4: Additive | C4: 0.25 | D4: Aggressive trade penalty increase (+25% across foreign sourcing)
A5: Section 122 sunset (China -10pt) | B5: Additive | C5: -0.1 | D5: Statutory sunset of Section 122 surcharge on China (-10% effective)
A6: Universal 50% (worst case) | B6: Absolute | C6: 0.5 | D6: Universal blanket tariff rate of 50% on all foreign imports

Sheet Raw_Defects
A1: Defect_ID | B1: PO_ID | C1: Supplier_ID | D1: Defect_Type | E1: Defect_Qty | F1: Detected_Date | G1: Resolution
A2: DEF-0001 | B2: PO-1095 | C2: SUP-001 | D2: Packaging Damage | E2: 1 | F2: 45707 | G2: Returned
A3: DEF-0002 | B3: PO-1242 | C3: SUP-001 | D3: Packaging Damage | E3: 1 | F3: 45769 | G3: Returned
A4: DEF-0003 | B4: PO-1001 | C4: SUP-002 | D4: Cosmetic Damage | E4: 3 | F4: 45775 | G4: Returned
A5: DEF-0004 | B5: PO-1057 | C5: SUP-001 | D5: Packaging Damage | E5: 3 | F5: 45847 | G5: Replaced
A6: DEF-0005 | B6: PO-1329 | C6: SUP-003 | D6: Cosmetic Damage | E6: 1 | F6: 45861 | G6: Pending
A7: DEF-0006 | B7: PO-1017 | C7: SUP-003 | D7: Packaging Damage | E7: 1 | F7: 45928 | G7: Replaced
A8: DEF-0007 | B8: PO-1086 | C8: SUP-003 | D8: Functional Failure | E8: 1 | F8: 45927 | G8: Pending
A9: DEF-0008 | B9: PO-1214 | C9: SUP-002 | D9: Wrong Item Shipped | E9: 6 | F9: 45927 | G9: Returned
A10: DEF-0009 | B10: PO-1195 | C10: SUP-001 | D10: Functional Failure | E10: 1 | F10: 46012 | G10: Replaced
A11: DEF-0010 | B11: PO-1089 | C11: SUP-003 | D11: Wrong Item Shipped | E11: 2 | F11: 46131 | G11: Pending
A12: DEF-0011 | B12: PO-1240 | C12: SUP-002 | D12: Wrong Item Shipped | E12: 1 | F12: 46079 | G12: Replaced
A13: DEF-0012 | B13: PO-1076 | C13: SUP-001 | D13: Functional Failure | E13: 1 | F13: 46115 | G13: Replaced
... A17: DEF-0016 | B17: PO-1318 | C17: SUP-002 | D17: DOA - Dead on Arrival | E17: 3 | F17: 46185 | G17: Credited
